0 verbose cli /Users/leandrosimoes/.nvm/versions/node/v24.18.0/bin/node /Users/leandrosimoes/.nvm/versions/node/v24.18.0/bin/npm
1 info using npm@11.16.0
2 info using node@v24.18.0
3 silly config load:file:/Users/leandrosimoes/.nvm/versions/node/v24.18.0/lib/node_modules/npm/npmrc
4 silly config load:file:/Users/leandrosimoes/Work/personal/blog/astro/blog-lesimoes/.npmrc
5 silly config load:file:/Users/leandrosimoes/.npmrc
6 silly config load:file:/Users/leandrosimoes/Work/personal/blog/astro/blog-lesimoes/etc/npmrc
7 verbose title npm install
8 verbose argv "--cache" "blog-lesimoes/.npm-cache" "--prefix" "blog-lesimoes" "install"
9 verbose logfile logs-max:10 dir:/Users/leandrosimoes/Work/personal/blog/astro/blog-lesimoes/.npm-cache/_logs/2026-08-24T23_02_45_868Z-
10 verbose logfile /Users/leandrosimoes/Work/personal/blog/astro/blog-lesimoes/.npm-cache/_logs/2026-08-24T23_02_45_868Z-debug-0.log
11 silly logfile done cleaning log files
12 silly packumentCache heap:4496293888 maxSize:1124073472 maxEntrySize:562036736
13 silly idealTree buildDeps
14 silly reify moves {}
15 silly audit bulk request {
15 silly audit   '@astrojs/compiler-binding': [ '0.3.2' ],
15 silly audit   '@astrojs/compiler-binding-darwin-arm64': [ '0.3.2' ],
15 silly audit   '@astrojs/compiler-binding-darwin-x64': [ '0.3.2' ],
15 silly audit   '@astrojs/compiler-binding-linux-arm64-gnu': [ '0.3.2' ],
15 silly audit   '@astrojs/compiler-binding-linux-arm64-musl': [ '0.3.2' ],
15 silly audit   '@astrojs/compiler-binding-linux-x64-gnu': [ '0.3.2' ],
15 silly audit   '@astrojs/compiler-binding-linux-x64-musl': [ '0.3.2' ],
15 silly audit   '@astrojs/compiler-binding-wasm32-wasi': [ '0.3.2' ],
15 silly audit   '@astrojs/compiler-binding-win32-arm64-msvc': [ '0.3.2' ],
15 silly audit   '@astrojs/compiler-binding-win32-x64-msvc': [ '0.3.2' ],
15 silly audit   '@astrojs/compiler-rs': [ '0.3.2' ],
15 silly audit   '@astrojs/internal-helpers': [ '0.10.2' ],
15 silly audit   '@astrojs/markdown-remark': [ '7.2.2' ],
15 silly audit   '@astrojs/markdown-satteri': [ '0.3.5' ],
15 silly audit   '@astrojs/mdx': [ '7.0.5' ],
15 silly audit   '@astrojs/prism': [ '4.0.2' ],
15 silly audit   '@astrojs/react': [ '6.0.2' ],
15 silly audit   '@astrojs/rss': [ '4.0.19' ],
15 silly audit   '@astrojs/sitemap': [ '3.7.3' ],
15 silly audit   '@astrojs/telemetry': [ '3.3.3' ],
15 silly audit   '@babel/code-frame': [ '7.29.7' ],
15 silly audit   '@babel/compat-data': [ '7.29.7' ],
15 silly audit   '@babel/core': [ '7.29.7' ],
15 silly audit   semver: [ '6.3.1', '7.8.5' ],
15 silly audit   '@babel/generator': [ '7.29.8' ],
15 silly audit   '@babel/helper-compilation-targets': [ '7.29.7' ],
15 silly audit   'lru-cache': [ '5.1.1', '11.5.2' ],
15 silly audit   '@babel/helper-globals': [ '7.29.7' ],
15 silly audit   '@babel/helper-module-imports': [ '7.29.7' ],
15 silly audit   '@babel/helper-module-transforms': [ '7.29.7' ],
15 silly audit   '@babel/helper-plugin-utils': [ '7.29.7' ],
15 silly audit   '@babel/helper-string-parser': [ '7.29.7' ],
15 silly audit   '@babel/helper-validator-identifier': [ '7.29.7' ],
15 silly audit   '@babel/helper-validator-option': [ '7.29.7' ],
15 silly audit   '@babel/helpers': [ '7.29.7' ],
15 silly audit   '@babel/parser': [ '7.29.8' ],
15 silly audit   '@babel/plugin-transform-react-jsx-self': [ '7.29.7' ],
15 silly audit   '@babel/plugin-transform-react-jsx-source': [ '7.29.7' ],
15 silly audit   '@babel/template': [ '7.29.7' ],
15 silly audit   '@babel/traverse': [ '7.29.8' ],
15 silly audit   '@babel/types': [ '7.29.8' ],
15 silly audit   '@bruits/satteri-darwin-arm64': [ '0.9.5' ],
15 silly audit   '@bruits/satteri-darwin-x64': [ '0.9.5' ],
15 silly audit   '@bruits/satteri-linux-arm64-gnu': [ '0.9.5' ],
15 silly audit   '@bruits/satteri-linux-arm64-musl': [ '0.9.5' ],
15 silly audit   '@bruits/satteri-linux-x64-gnu': [ '0.9.5' ],
15 silly audit   '@bruits/satteri-linux-x64-musl': [ '0.9.5' ],
15 silly audit   '@bruits/satteri-wasm32-wasi': [ '0.9.5' ],
15 silly audit   '@emnapi/core': [ '1.11.1', '1.11.3' ],
15 silly audit   '@emnapi/runtime': [ '1.11.1', '1.11.3' ],
15 silly audit   '@emnapi/wasi-threads': [ '1.2.2', '1.2.3' ],
15 silly audit   '@bruits/satteri-win32-arm64-msvc': [ '0.9.5' ],
15 silly audit   '@bruits/satteri-win32-x64-msvc': [ '0.9.5' ],
15 silly audit   '@capsizecss/unpack': [ '4.0.1' ],
15 silly audit   '@clack/core': [ '1.4.3' ],
15 silly audit   '@clack/prompts': [ '1.7.0' ],
15 silly audit   '@esbuild/aix-ppc64': [ '0.28.2' ],
15 silly audit   '@esbuild/android-arm': [ '0.28.2' ],
15 silly audit   '@esbuild/android-arm64': [ '0.28.2' ],
15 silly audit   '@esbuild/android-x64': [ '0.28.2' ],
15 silly audit   '@esbuild/darwin-arm64': [ '0.28.2' ],
15 silly audit   '@esbuild/darwin-x64': [ '0.28.2' ],
15 silly audit   '@esbuild/freebsd-arm64': [ '0.28.2' ],
15 silly audit   '@esbuild/freebsd-x64': [ '0.28.2' ],
15 silly audit   '@esbuild/linux-arm': [ '0.28.2' ],
15 silly audit   '@esbuild/linux-arm64': [ '0.28.2' ],
15 silly audit   '@esbuild/linux-ia32': [ '0.28.2' ],
15 silly audit   '@esbuild/linux-loong64': [ '0.28.2' ],
15 silly audit   '@esbuild/linux-mips64el': [ '0.28.2' ],
15 silly audit   '@esbuild/linux-ppc64': [ '0.28.2' ],
15 silly audit   '@esbuild/linux-riscv64': [ '0.28.2' ],
15 silly audit   '@esbuild/linux-s390x': [ '0.28.2' ],
15 silly audit   '@esbuild/linux-x64': [ '0.28.2' ],
15 silly audit   '@esbuild/netbsd-arm64': [ '0.28.2' ],
15 silly audit   '@esbuild/netbsd-x64': [ '0.28.2' ],
15 silly audit   '@esbuild/openbsd-arm64': [ '0.28.2' ],
15 silly audit   '@esbuild/openbsd-x64': [ '0.28.2' ],
15 silly audit   '@esbuild/openharmony-arm64': [ '0.28.2' ],
15 silly audit   '@esbuild/sunos-x64': [ '0.28.2' ],
15 silly audit   '@esbuild/win32-arm64': [ '0.28.2' ],
15 silly audit   '@esbuild/win32-ia32': [ '0.28.2' ],
15 silly audit   '@esbuild/win32-x64': [ '0.28.2' ],
15 silly audit   '@img/colour': [ '1.1.0' ],
15 silly audit   '@img/sharp-darwin-arm64': [ '0.35.3' ],
15 silly audit   '@img/sharp-darwin-x64': [ '0.35.3' ],
15 silly audit   '@img/sharp-freebsd-wasm32': [ '0.35.3' ],
15 silly audit   '@img/sharp-libvips-darwin-arm64': [ '1.3.2' ],
15 silly audit   '@img/sharp-libvips-darwin-x64': [ '1.3.2' ],
15 silly audit   '@img/sharp-libvips-linux-arm': [ '1.3.2' ],
15 silly audit   '@img/sharp-libvips-linux-arm64': [ '1.3.2' ],
15 silly audit   '@img/sharp-libvips-linux-ppc64': [ '1.3.2' ],
15 silly audit   '@img/sharp-libvips-linux-riscv64': [ '1.3.2' ],
15 silly audit   '@img/sharp-libvips-linux-s390x': [ '1.3.2' ],
15 silly audit   '@img/sharp-libvips-linux-x64': [ '1.3.2' ],
15 silly audit   '@img/sharp-libvips-linuxmusl-arm64': [ '1.3.2' ],
15 silly audit   '@img/sharp-libvips-linuxmusl-x64': [ '1.3.2' ],
15 silly audit   '@img/sharp-linux-arm': [ '0.35.3' ],
15 silly audit   '@img/sharp-linux-arm64': [ '0.35.3' ],
15 silly audit   '@img/sharp-linux-ppc64': [ '0.35.3' ],
15 silly audit   '@img/sharp-linux-riscv64': [ '0.35.3' ],
15 silly audit   '@img/sharp-linux-s390x': [ '0.35.3' ],
15 silly audit   '@img/sharp-linux-x64': [ '0.35.3' ],
15 silly audit   '@img/sharp-linuxmusl-arm64': [ '0.35.3' ],
15 silly audit   '@img/sharp-linuxmusl-x64': [ '0.35.3' ],
15 silly audit   '@img/sharp-wasm32': [ '0.35.3' ],
15 silly audit   '@img/sharp-webcontainers-wasm32': [ '0.35.3' ],
15 silly audit   '@img/sharp-win32-arm64': [ '0.35.3' ],
15 silly audit   '@img/sharp-win32-ia32': [ '0.35.3' ],
15 silly audit   '@img/sharp-win32-x64': [ '0.35.3' ],
15 silly audit   '@jridgewell/gen-mapping': [ '0.3.13' ],
15 silly audit   '@jridgewell/remapping': [ '2.3.5' ],
15 silly audit   '@jridgewell/resolve-uri': [ '3.1.2' ],
15 silly audit   '@jridgewell/sourcemap-codec': [ '1.5.5' ],
15 silly audit   '@jridgewell/trace-mapping': [ '0.3.31' ],
15 silly audit   '@mdx-js/mdx': [ '3.1.1' ],
15 silly audit   '@napi-rs/wasm-runtime': [ '1.2.3' ],
15 silly audit   '@nodable/entities': [ '3.0.0' ],
15 silly audit   '@oslojs/encoding': [ '1.1.0' ],
15 silly audit   '@oxc-project/types': [ '0.144.0' ],
15 silly audit   '@rolldown/binding-android-arm64': [ '1.2.4' ],
15 silly audit   '@rolldown/binding-darwin-arm64': [ '1.2.4' ],
15 silly audit   '@rolldown/binding-darwin-x64': [ '1.2.4' ],
15 silly audit   '@rolldown/binding-freebsd-x64': [ '1.2.4' ],
15 silly audit   '@rolldown/binding-linux-arm-gnueabihf': [ '1.2.4' ],
15 silly audit   '@rolldown/binding-linux-arm64-gnu': [ '1.2.4' ],
15 silly audit   '@rolldown/binding-linux-arm64-musl': [ '1.2.4' ],
15 silly audit   '@rolldown/binding-linux-ppc64-gnu': [ '1.2.4' ],
15 silly audit   '@rolldown/binding-linux-s390x-gnu': [ '1.2.4' ],
15 silly audit   '@rolldown/binding-linux-x64-gnu': [ '1.2.4' ],
15 silly audit   '@rolldown/binding-linux-x64-musl': [ '1.2.4' ],
15 silly audit   '@rolldown/binding-openharmony-arm64': [ '1.2.4' ],
15 silly audit   '@rolldown/binding-win32-arm64-msvc': [ '1.2.4' ],
15 silly audit   '@rolldown/binding-win32-x64-msvc': [ '1.2.4' ],
15 silly audit   '@rolldown/pluginutils': [ '1.0.1', '1.0.0-rc.3' ],
15 silly audit   '@shikijs/core': [ '4.4.3' ],
15 silly audit   '@shikijs/engine-javascript': [ '4.4.3' ],
15 silly audit   '@shikijs/engine-oniguruma': [ '4.4.3' ],
15 silly audit   '@shikijs/langs': [ '4.4.3' ],
15 silly audit   '@shikijs/primitive': [ '4.4.3' ],
15 silly audit   '@shikijs/themes': [ '4.4.3' ],
15 silly audit   '@shikijs/types': [ '4.4.3' ],
15 silly audit   '@shikijs/vscode-textmate': [ '10.0.2' ],
15 silly audit   '@tailwindcss/node': [ '4.3.3' ],
15 silly audit   lightningcss: [ '1.32.0', '1.33.0' ],
15 silly audit   'lightningcss-android-arm64': [ '1.32.0', '1.33.0' ],
15 silly audit   'lightningcss-darwin-arm64': [ '1.32.0', '1.33.0' ],
15 silly audit   'lightningcss-darwin-x64': [ '1.32.0', '1.33.0' ],
15 silly audit   'lightningcss-freebsd-x64': [ '1.32.0', '1.33.0' ],
15 silly audit   'lightningcss-linux-arm-gnueabihf': [ '1.32.0', '1.33.0' ],
15 silly audit   'lightningcss-linux-arm64-gnu': [ '1.32.0', '1.33.0' ],
15 silly audit   'lightningcss-linux-arm64-musl': [ '1.32.0', '1.33.0' ],
15 silly audit   'lightningcss-linux-x64-gnu': [ '1.32.0', '1.33.0' ],
15 silly audit   'lightningcss-linux-x64-musl': [ '1.32.0', '1.33.0' ],
15 silly audit   'lightningcss-win32-arm64-msvc': [ '1.32.0', '1.33.0' ],
15 silly audit   'lightningcss-win32-x64-msvc': [ '1.32.0', '1.33.0' ],
15 silly audit   'magic-string': [ '0.30.21', '1.2.0' ],
15 silly audit   '@tailwindcss/oxide': [ '4.3.3' ],
15 silly audit   '@tailwindcss/oxide-android-arm64': [ '4.3.3' ],
15 silly audit   '@tailwindcss/oxide-darwin-arm64': [ '4.3.3' ],
15 silly audit   '@tailwindcss/oxide-darwin-x64': [ '4.3.3' ],
15 silly audit   '@tailwindcss/oxide-freebsd-x64': [ '4.3.3' ],
15 silly audit   '@tailwindcss/oxide-linux-arm-gnueabihf': [ '4.3.3' ],
15 silly audit   '@tailwindcss/oxide-linux-arm64-gnu': [ '4.3.3' ],
15 silly audit   '@tailwindcss/oxide-linux-arm64-musl': [ '4.3.3' ],
15 silly audit   '@tailwindcss/oxide-linux-x64-gnu': [ '4.3.3' ],
15 silly audit   '@tailwindcss/oxide-linux-x64-musl': [ '4.3.3' ],
15 silly audit   '@tailwindcss/oxide-wasm32-wasi': [ '4.3.3' ],
15 silly audit   '@tailwindcss/oxide-win32-arm64-msvc': [ '4.3.3' ],
15 silly audit   '@tailwindcss/oxide-win32-x64-msvc': [ '4.3.3' ],
15 silly audit   '@tailwindcss/vite': [ '4.3.3' ],
15 silly audit   '@tybys/wasm-util': [ '0.10.3' ],
15 silly audit   '@types/babel__core': [ '7.20.5' ],
15 silly audit   '@types/babel__generator': [ '7.27.0' ],
15 silly audit   '@types/babel__template': [ '7.4.4' ],
15 silly audit   '@types/babel__traverse': [ '7.28.0' ],
15 silly audit   '@types/debug': [ '4.1.13' ],
15 silly audit   '@types/estree': [ '1.0.9' ],
15 silly audit   '@types/estree-jsx': [ '1.0.5' ],
15 silly audit   '@types/hast': [ '3.0.5' ],
15 silly audit   '@types/mdast': [ '4.0.4' ],
15 silly audit   '@types/mdx': [ '2.0.14' ],
15 silly audit   '@types/ms': [ '2.1.0' ],
15 silly audit   '@types/nlcst': [ '2.0.3' ],
15 silly audit   '@types/node': [ '24.13.3' ],
15 silly audit   '@types/react': [ '19.2.18' ],
15 silly audit   '@types/react-dom': [ '19.2.4' ],
15 silly audit   '@types/sax': [ '1.2.7' ],
15 silly audit   '@types/unist': [ '3.0.3', '2.0.11' ],
15 silly audit   '@ungap/structured-clone': [ '1.3.3' ],
15 silly audit   '@vitejs/plugin-react': [ '5.2.0' ],
15 silly audit   acorn: [ '8.18.0' ],
15 silly audit   'acorn-jsx': [ '5.3.2' ],
15 silly audit   'am-i-vibing': [ '0.4.0' ],
15 silly audit   anymatch: [ '3.1.3' ],
15 silly audit   picomatch: [ '2.3.2', '4.0.5' ],
15 silly audit   anynum: [ '1.0.1' ],
15 silly audit   arg: [ '5.0.2' ],
15 silly audit   argparse: [ '2.0.1' ],
15 silly audit   'aria-query': [ '5.3.2' ],
15 silly audit   'array-iterate': [ '2.0.1' ],
15 silly audit   astring: [ '1.9.0' ],
15 silly audit   astro: [ '7.2.1' ],
15 silly audit   'axobject-query': [ '4.1.0' ],
15 silly audit   bail: [ '2.0.2' ],
15 silly audit   'baseline-browser-mapping': [ '2.11.14' ],
15 silly audit   boolbase: [ '1.0.0' ],
15 silly audit   browserslist: [ '4.28.8' ],
15 silly audit   'caniuse-lite': [ '1.0.30001809' ],
15 silly audit   ccount: [ '2.0.1' ],
15 silly audit   'character-entities': [ '2.0.2' ],
15 silly audit   'character-entities-html4': [ '2.1.0' ],
15 silly audit   'character-entities-legacy': [ '3.0.0' ],
15 silly audit   'character-reference-invalid': [ '2.0.1' ],
15 silly audit   chokidar: [ '5.0.0' ],
15 silly audit   'ci-info': [ '4.4.0' ],
15 silly audit   clsx: [ '2.1.1' ],
15 silly audit   'collapse-white-space': [ '2.1.0' ],
15 silly audit   'comma-separated-tokens': [ '2.0.3' ],
15 silly audit   commander: [ '11.1.0' ],
15 silly audit   'common-ancestor-path': [ '2.0.0' ],
15 silly audit   'convert-source-map': [ '2.0.0' ],
15 silly audit   cookie: [ '2.0.1' ],
15 silly audit   'cookie-es': [ '1.2.3' ],
15 silly audit   crossws: [ '0.3.5' ],
15 silly audit   'css-select': [ '5.2.2' ],
15 silly audit   'css-tree': [ '3.2.1', '2.2.1' ],
15 silly audit   'css-what': [ '6.2.2' ],
15 silly audit   csso: [ '5.0.5' ],
15 silly audit   'mdn-data': [ '2.0.28', '2.27.1' ],
15 silly audit   csstype: [ '3.2.3' ],
15 silly audit   daisyui: [ '5.7.16' ],
15 silly audit   debug: [ '4.4.3' ],
15 silly audit   'decode-named-character-reference': [ '1.3.0' ],
15 silly audit   defu: [ '6.1.7' ],
15 silly audit   dequal: [ '2.0.3' ],
15 silly audit   destr: [ '2.0.5' ],
15 silly audit   'detect-libc': [ '2.1.2' ],
15 silly audit   devalue: [ '5.9.0' ],
15 silly audit   devlop: [ '1.1.0' ],
15 silly audit   diff: [ '8.0.4' ],
15 silly audit   'dom-serializer': [ '2.0.0' ],
15 silly audit   entities: [ '4.5.0', '6.0.1' ],
15 silly audit   domelementtype: [ '2.3.0' ],
15 silly audit   domhandler: [ '5.0.3' ],
15 silly audit   domutils: [ '3.2.2' ],
15 silly audit   dset: [ '3.1.4' ],
15 silly audit   'electron-to-chromium': [ '1.5.405' ],
15 silly audit   'enhanced-resolve': [ '5.24.5' ],
15 silly audit   'es-module-lexer': [ '2.3.1' ],
15 silly audit   'esast-util-from-estree': [ '2.0.0' ],
15 silly audit   'esast-util-from-js': [ '2.0.1' ],
15 silly audit   esbuild: [ '0.28.2' ],
15 silly audit   escalade: [ '3.2.0' ],
15 silly audit   'escape-string-regexp': [ '5.0.0' ],
15 silly audit   'estree-util-attach-comments': [ '3.0.0' ],
15 silly audit   'estree-util-build-jsx': [ '3.0.1' ],
15 silly audit   'estree-util-is-identifier-name': [ '3.0.0' ],
15 silly audit   'estree-util-scope': [ '1.0.0' ],
15 silly audit   'estree-util-to-js': [ '2.0.0' ],
15 silly audit   'estree-util-visit': [ '2.0.0' ],
15 silly audit   'estree-walker': [ '3.0.3' ],
15 silly audit   eventemitter3: [ '5.0.4' ],
15 silly audit   extend: [ '3.0.2' ],
15 silly audit   'fast-string-truncated-width': [ '3.0.3' ],
15 silly audit   'fast-string-width': [ '3.0.2' ],
15 silly audit   'fast-wrap-ansi': [ '0.2.2' ],
15 silly audit   'fast-xml-builder': [ '1.3.0' ],
15 silly audit   'fast-xml-parser': [ '5.10.1' ],
15 silly audit   fdir: [ '6.5.0' ],
15 silly audit   flattie: [ '1.1.1' ],
15 silly audit   fontace: [ '0.4.1' ],
15 silly audit   fontkitten: [ '1.0.3' ],
15 silly audit   fsevents: [ '2.3.3' ],
15 silly audit   gensync: [ '1.0.0-beta.2' ],
15 silly audit   'get-tsconfig': [ '5.0.0-beta.4' ],
15 silly audit   'github-slugger': [ '2.0.0' ],
15 silly audit   'graceful-fs': [ '4.2.11' ],
15 silly audit   h3: [ '1.15.11' ],
15 silly audit   'hast-util-from-html': [ '2.0.3' ],
15 silly audit   'hast-util-from-parse5': [ '8.0.3' ],
15 silly audit   'hast-util-is-element': [ '3.0.0' ],
15 silly audit   'hast-util-parse-selector': [ '4.0.0' ],
15 silly audit   'hast-util-raw': [ '9.1.0' ],
15 silly audit   'hast-util-to-estree': [ '3.1.3' ],
15 silly audit   'hast-util-to-html': [ '9.0.5' ],
15 silly audit   'hast-util-to-jsx-runtime': [ '2.3.6' ],
15 silly audit   'hast-util-to-parse5': [ '8.0.1' ],
15 silly audit   'hast-util-to-text': [ '4.0.2' ],
15 silly audit   'hast-util-whitespace': [ '3.0.0' ],
15 silly audit   hastscript: [ '9.0.1' ],
15 silly audit   'html-escaper': [ '3.0.3' ],
15 silly audit   'html-void-elements': [ '3.0.0' ],
15 silly audit   'http-cache-semantics': [ '4.2.0' ],
15 silly audit   'inline-style-parser': [ '0.2.7' ],
15 silly audit   'iron-webcrypto': [ '1.2.1' ],
15 silly audit   'is-alphabetical': [ '2.0.1' ],
15 silly audit   'is-alphanumerical': [ '2.0.1' ],
15 silly audit   'is-decimal': [ '2.0.1' ],
15 silly audit   'is-docker': [ '4.0.0' ],
15 silly audit   'is-hexadecimal': [ '2.0.1' ],
15 silly audit   'is-plain-obj': [ '4.1.0' ],
15 silly audit   'is-unsafe': [ '2.0.0' ],
15 silly audit   jiti: [ '2.7.0' ],
15 silly audit   'js-tokens': [ '4.0.0' ],
15 silly audit   'js-yaml': [ '4.3.1' ],
15 silly audit   jsesc: [ '3.1.0' ],
15 silly audit   json5: [ '2.2.3' ],
15 silly audit   'jsonc-parser': [ '3.3.1' ],
15 silly audit   'longest-streak': [ '3.1.0' ],
15 silly audit   magicast: [ '0.5.4' ],
15 silly audit   'markdown-extensions': [ '2.0.0' ],
15 silly audit   'markdown-table': [ '3.0.4' ],
15 silly audit   'mdast-util-definitions': [ '6.0.0' ],
15 silly audit   'mdast-util-find-and-replace': [ '3.0.2' ],
15 silly audit   'mdast-util-from-markdown': [ '2.0.3' ],
15 silly audit   'mdast-util-gfm': [ '3.1.0' ],
15 silly audit   'mdast-util-gfm-autolink-literal': [ '2.0.1' ],
15 silly audit   'mdast-util-gfm-footnote': [ '2.1.0' ],
15 silly audit   'mdast-util-gfm-strikethrough': [ '2.0.0' ],
15 silly audit   'mdast-util-gfm-table': [ '2.0.0' ],
15 silly audit   'mdast-util-gfm-task-list-item': [ '2.0.0' ],
15 silly audit   'mdast-util-mdx': [ '3.0.0' ],
15 silly audit   'mdast-util-mdx-expression': [ '2.0.1' ],
15 silly audit   'mdast-util-mdx-jsx': [ '3.2.0' ],
15 silly audit   'mdast-util-mdxjs-esm': [ '2.0.1' ],
15 silly audit   'mdast-util-phrasing': [ '4.1.0' ],
15 silly audit   'mdast-util-to-hast': [ '13.2.1' ],
15 silly audit   'mdast-util-to-markdown': [ '2.1.2' ],
15 silly audit   'mdast-util-to-string': [ '4.0.0' ],
15 silly audit   micromark: [ '4.0.2' ],
15 silly audit   'micromark-core-commonmark': [ '2.0.3' ],
15 silly audit   'micromark-extension-gfm': [ '3.0.0' ],
15 silly audit   'micromark-extension-gfm-autolink-literal': [ '2.1.0' ],
15 silly audit   'micromark-extension-gfm-footnote': [ '2.1.0' ],
15 silly audit   'micromark-extension-gfm-strikethrough': [ '2.1.0' ],
15 silly audit   'micromark-extension-gfm-table': [ '2.1.1' ],
15 silly audit   'micromark-extension-gfm-tagfilter': [ '2.0.0' ],
15 silly audit   'micromark-extension-gfm-task-list-item': [ '2.1.0' ],
15 silly audit   'micromark-extension-mdx-expression': [ '3.0.1' ],
15 silly audit   'micromark-extension-mdx-jsx': [ '3.0.2' ],
15 silly audit   'micromark-extension-mdx-md': [ '2.0.0' ],
15 silly audit   'micromark-extension-mdxjs': [ '3.0.0' ],
15 silly audit   'micromark-extension-mdxjs-esm': [ '3.0.0' ],
15 silly audit   'micromark-factory-destination': [ '2.0.1' ],
15 silly audit   'micromark-factory-label': [ '2.0.1' ],
15 silly audit   'micromark-factory-mdx-expression': [ '2.0.3' ],
15 silly audit   'micromark-factory-space': [ '2.0.1' ],
15 silly audit   'micromark-factory-title': [ '2.0.1' ],
15 silly audit   'micromark-factory-whitespace': [ '2.0.1' ],
15 silly audit   'micromark-util-character': [ '2.1.1' ],
15 silly audit   'micromark-util-chunked': [ '2.0.1' ],
15 silly audit   'micromark-util-classify-character': [ '2.0.1' ],
15 silly audit   'micromark-util-combine-extensions': [ '2.0.1' ],
15 silly audit   'micromark-util-decode-numeric-character-reference': [ '2.0.2' ],
15 silly audit   'micromark-util-decode-string': [ '2.0.1' ],
15 silly audit   'micromark-util-encode': [ '2.0.1' ],
15 silly audit   'micromark-util-events-to-acorn': [ '2.0.3' ],
15 silly audit   'micromark-util-html-tag-name': [ '2.0.1' ],
15 silly audit   'micromark-util-normalize-identifier': [ '2.0.1' ],
15 silly audit   'micromark-util-resolve-all': [ '2.0.1' ],
15 silly audit   'micromark-util-sanitize-uri': [ '2.0.1' ],
15 silly audit   'micromark-util-subtokenize': [ '2.1.0' ],
15 silly audit   'micromark-util-symbol': [ '2.0.1' ],
15 silly audit   'micromark-util-types': [ '2.0.2' ],
15 silly audit   mrmime: [ '2.0.1' ],
15 silly audit   ms: [ '2.1.3' ],
15 silly audit   nanoid: [ '3.3.18' ],
15 silly audit   neotraverse: [ '1.0.1' ],
15 silly audit   'nlcst-to-string': [ '4.0.0' ],
15 silly audit   'node-fetch-native': [ '1.6.7' ],
15 silly audit   'node-mock-http': [ '1.0.5' ],
15 silly audit   'node-releases': [ '2.0.53' ],
15 silly audit   'normalize-path': [ '3.0.0' ],
15 silly audit   'nth-check': [ '2.1.1' ],
15 silly audit   obug: [ '2.1.4' ],
15 silly audit   ofetch: [ '1.5.1' ],
15 silly audit   ohash: [ '2.0.11' ],
15 silly audit   'oniguruma-parser': [ '0.12.2' ],
15 silly audit   'oniguruma-to-es': [ '4.3.6' ],
15 silly audit   'p-limit': [ '7.3.1' ],
15 silly audit   'p-queue': [ '9.3.3' ],
15 silly audit   'p-timeout': [ '7.0.1' ],
15 silly audit   'package-manager-detector': [ '1.8.0' ],
15 silly audit   'parse-entities': [ '4.0.2' ],
15 silly audit   'parse-latin': [ '7.0.0' ],
15 silly audit   parse5: [ '7.3.0' ],
15 silly audit   'path-expression-matcher': [ '1.6.2' ],
15 silly audit   piccolore: [ '0.1.3' ],
15 silly audit   picocolors: [ '1.1.1' ],
15 silly audit   postcss: [ '8.5.26' ],
15 silly audit   prismjs: [ '1.30.0' ],
15 silly audit   'process-ancestry': [ '0.1.0' ],
15 silly audit   'property-information': [ '7.2.0' ],
15 silly audit   radix3: [ '1.1.2' ],
15 silly audit   react: [ '19.2.8' ],
15 silly audit   'react-dom': [ '19.2.8' ],
15 silly audit   'react-refresh': [ '0.18.0' ],
15 silly audit   readdirp: [ '5.1.1' ],
15 silly audit   'recma-build-jsx': [ '1.0.0' ],
15 silly audit   'recma-jsx': [ '1.0.1' ],
15 silly audit   'recma-parse': [ '1.0.0' ],
15 silly audit   'recma-stringify': [ '1.0.0' ],
15 silly audit   regex: [ '6.1.0' ],
15 silly audit   'regex-recursion': [ '6.0.2' ],
15 silly audit   'regex-utilities': [ '2.3.0' ],
15 silly audit   'rehype-raw': [ '7.0.0' ],
15 silly audit   'rehype-recma': [ '1.0.0' ],
15 silly audit   'rehype-stringify': [ '10.0.1' ],
15 silly audit   'remark-gfm': [ '4.0.1' ],
15 silly audit   'remark-mdx': [ '3.1.1' ],
15 silly audit   'remark-parse': [ '11.0.0' ],
15 silly audit   'remark-rehype': [ '11.1.2' ],
15 silly audit   'remark-smartypants': [ '3.0.3' ],
15 silly audit   'remark-stringify': [ '11.0.0' ],
15 silly audit   'resolve-pkg-maps': [ '1.0.0' ],
15 silly audit   retext: [ '9.0.0' ],
15 silly audit   'retext-latin': [ '4.0.0' ],
15 silly audit   'retext-smartypants': [ '6.2.0' ],
15 silly audit   'retext-stringify': [ '4.0.0' ],
15 silly audit   rolldown: [ '1.2.4' ],
15 silly audit   satteri: [ '0.9.5' ],
15 silly audit   sax: [ '1.6.1' ],
15 silly audit   scheduler: [ '0.27.0' ],
15 silly audit   sharp: [ '0.35.3' ],
15 silly audit   shiki: [ '4.4.3' ],
15 silly audit   sisteransi: [ '1.0.5' ],
15 silly audit   sitemap: [ '9.0.1' ],
15 silly audit   'smol-toml': [ '1.8.0' ],
15 silly audit   'source-map': [ '0.7.6' ],
15 silly audit   'source-map-js': [ '1.2.1' ],
15 silly audit   'space-separated-tokens': [ '2.0.2' ],
15 silly audit   'stream-replace-string': [ '2.0.0' ],
15 silly audit   'stringify-entities': [ '4.0.4' ],
15 silly audit   strnum: [ '2.4.1' ],
15 silly audit   'style-to-js': [ '1.1.21' ],
15 silly audit   'style-to-object': [ '1.0.14' ],
15 silly audit   svgo: [ '4.0.2' ],
15 silly audit   tailwindcss: [ '4.3.3' ],
15 silly audit   tapable: [ '2.3.3' ],
15 silly audit   'tiny-inflate': [ '1.0.3' ],
15 silly audit   tinyclip: [ '0.1.15' ],
15 silly audit   tinyexec: [ '1.3.0' ],
15 silly audit   tinyglobby: [ '0.2.17' ],
15 silly audit   'trim-lines': [ '3.0.1' ],
15 silly audit   trough: [ '2.2.0' ],
15 silly audit   tslib: [ '2.8.1' ],
15 silly audit   ufo: [ '1.6.4' ],
15 silly audit   ultrahtml: [ '1.7.0' ],
15 silly audit   uncrypto: [ '0.1.3' ],
15 silly audit   undici: [ '8.10.0' ],
15 silly audit   'undici-types': [ '7.18.2' ],
15 silly audit   unified: [ '11.0.5' ],
15 silly audit   unifont: [ '0.7.5' ],
15 silly audit   'unist-util-find-after': [ '5.0.0' ],
15 silly audit   'unist-util-is': [ '6.0.1' ],
15 silly audit   'unist-util-modify-children': [ '4.0.0' ],
15 silly audit   'unist-util-position': [ '5.0.0' ],
15 silly audit   'unist-util-position-from-estree': [ '2.0.0' ],
15 silly audit   'unist-util-remove-position': [ '5.0.0' ],
15 silly audit   'unist-util-stringify-position': [ '4.0.0' ],
15 silly audit   'unist-util-visit': [ '5.1.0' ],
15 silly audit   'unist-util-visit-children': [ '3.0.0' ],
15 silly audit   'unist-util-visit-parents': [ '6.0.2' ],
15 silly audit   unstorage: [ '1.17.5' ],
15 silly audit   'update-browserslist-db': [ '1.3.1' ],
15 silly audit   vfile: [ '6.0.3' ],
15 silly audit   'vfile-location': [ '5.0.3' ],
15 silly audit   'vfile-message': [ '4.0.3' ],
15 silly audit   vite: [ '8.2.1' ],
15 silly audit   vitefu: [ '1.1.3' ],
15 silly audit   'web-namespaces': [ '2.0.1' ],
15 silly audit   'xml-naming': [ '0.3.0' ],
15 silly audit   'xxhash-wasm': [ '1.1.0' ],
15 silly audit   yallist: [ '3.1.1' ],
15 silly audit   'yargs-parser': [ '22.0.0' ],
15 silly audit   'yocto-queue': [ '1.2.2' ],
15 silly audit   zod: [ '4.4.3' ],
15 silly audit   zwitch: [ '2.0.4' ]
15 silly audit }
16 http cache zod@https://registry.npmjs.org/zod/-/zod-4.4.3.tgz 0ms (cache hit)
17 http cache zwitch@https://registry.npmjs.org/zwitch/-/zwitch-2.0.4.tgz 0ms (cache hit)
18 http cache yocto-queue@https://registry.npmjs.org/yocto-queue/-/yocto-queue-1.2.2.tgz 0ms (cache hit)
19 http cache yallist@https://registry.npmjs.org/yallist/-/yallist-3.1.1.tgz 0ms (cache hit)
20 http cache yargs-parser@https://registry.npmjs.org/yargs-parser/-/yargs-parser-22.0.0.tgz 0ms (cache hit)
21 http cache web-namespaces@https://registry.npmjs.org/web-namespaces/-/web-namespaces-2.0.1.tgz 0ms (cache hit)
22 http cache vitefu@https://registry.npmjs.org/vitefu/-/vitefu-1.1.3.tgz 0ms (cache hit)
23 http cache vite@https://registry.npmjs.org/vite/-/vite-8.2.1.tgz 0ms (cache hit)
24 http cache xml-naming@https://registry.npmjs.org/xml-naming/-/xml-naming-0.3.0.tgz 0ms (cache hit)
25 http cache xxhash-wasm@https://registry.npmjs.org/xxhash-wasm/-/xxhash-wasm-1.1.0.tgz 0ms (cache hit)
26 http cache vfile-location@https://registry.npmjs.org/vfile-location/-/vfile-location-5.0.3.tgz 0ms (cache hit)
27 http cache vfile@https://registry.npmjs.org/vfile/-/vfile-6.0.3.tgz 0ms (cache hit)
28 http cache vfile-message@https://registry.npmjs.org/vfile-message/-/vfile-message-4.0.3.tgz 0ms (cache hit)
29 http cache update-browserslist-db@https://registry.npmjs.org/update-browserslist-db/-/update-browserslist-db-1.3.1.tgz 0ms (cache hit)
30 http cache unstorage@https://registry.npmjs.org/unstorage/-/unstorage-1.17.5.tgz 0ms (cache hit)
31 http cache unist-util-visit-parents@https://registry.npmjs.org/unist-util-visit-parents/-/unist-util-visit-parents-6.0.2.tgz 0ms (cache hit)
32 http cache unist-util-visit@https://registry.npmjs.org/unist-util-visit/-/unist-util-visit-5.1.0.tgz 0ms (cache hit)
33 http cache unist-util-visit-children@https://registry.npmjs.org/unist-util-visit-children/-/unist-util-visit-children-3.0.0.tgz 0ms (cache hit)
34 http cache unist-util-stringify-position@https://registry.npmjs.org/unist-util-stringify-position/-/unist-util-stringify-position-4.0.0.tgz 0ms (cache hit)
35 http cache unist-util-remove-position@https://registry.npmjs.org/unist-util-remove-position/-/unist-util-remove-position-5.0.0.tgz 0ms (cache hit)
36 http cache unist-util-position-from-estree@https://registry.npmjs.org/unist-util-position-from-estree/-/unist-util-position-from-estree-2.0.0.tgz 0ms (cache hit)
37 http cache unist-util-position@https://registry.npmjs.org/unist-util-position/-/unist-util-position-5.0.0.tgz 0ms (cache hit)
38 http cache unist-util-find-after@https://registry.npmjs.org/unist-util-find-after/-/unist-util-find-after-5.0.0.tgz 0ms (cache hit)
39 http cache unist-util-is@https://registry.npmjs.org/unist-util-is/-/unist-util-is-6.0.1.tgz 0ms (cache hit)
40 http cache unified@https://registry.npmjs.org/unified/-/unified-11.0.5.tgz 0ms (cache hit)
41 http cache unifont@https://registry.npmjs.org/unifont/-/unifont-0.7.5.tgz 0ms (cache hit)
42 http cache undici-types@https://registry.npmjs.org/undici-types/-/undici-types-7.18.2.tgz 0ms (cache hit)
43 http cache unist-util-modify-children@https://registry.npmjs.org/unist-util-modify-children/-/unist-util-modify-children-4.0.0.tgz 0ms (cache hit)
44 http cache uncrypto@https://registry.npmjs.org/uncrypto/-/uncrypto-0.1.3.tgz 0ms (cache hit)
45 http cache ufo@https://registry.npmjs.org/ufo/-/ufo-1.6.4.tgz 0ms (cache hit)
46 http cache trough@https://registry.npmjs.org/trough/-/trough-2.2.0.tgz 0ms (cache hit)
47 http cache undici@https://registry.npmjs.org/undici/-/undici-8.10.0.tgz 0ms (cache hit)
48 http cache tinyglobby@https://registry.npmjs.org/tinyglobby/-/tinyglobby-0.2.17.tgz 0ms (cache hit)
49 http cache ultrahtml@https://registry.npmjs.org/ultrahtml/-/ultrahtml-1.7.0.tgz 0ms (cache hit)
50 http cache trim-lines@https://registry.npmjs.org/trim-lines/-/trim-lines-3.0.1.tgz 0ms (cache hit)
51 http cache tinyclip@https://registry.npmjs.org/tinyclip/-/tinyclip-0.1.15.tgz 0ms (cache hit)
52 http cache tiny-inflate@https://registry.npmjs.org/tiny-inflate/-/tiny-inflate-1.0.3.tgz 0ms (cache hit)
53 http cache tapable@https://registry.npmjs.org/tapable/-/tapable-2.3.3.tgz 0ms (cache hit)
54 http cache tinyexec@https://registry.npmjs.org/tinyexec/-/tinyexec-1.3.0.tgz 0ms (cache hit)
55 http cache tailwindcss@https://registry.npmjs.org/tailwindcss/-/tailwindcss-4.3.3.tgz 0ms (cache hit)
56 http cache svgo@https://registry.npmjs.org/svgo/-/svgo-4.0.2.tgz 0ms (cache hit)
57 http cache style-to-object@https://registry.npmjs.org/style-to-object/-/style-to-object-1.0.14.tgz 0ms (cache hit)
58 http cache style-to-js@https://registry.npmjs.org/style-to-js/-/style-to-js-1.1.21.tgz 0ms (cache hit)
59 http cache stringify-entities@https://registry.npmjs.org/stringify-entities/-/stringify-entities-4.0.4.tgz 0ms (cache hit)
60 http cache stream-replace-string@https://registry.npmjs.org/stream-replace-string/-/stream-replace-string-2.0.0.tgz 0ms (cache hit)
61 http cache space-separated-tokens@https://registry.npmjs.org/space-separated-tokens/-/space-separated-tokens-2.0.2.tgz 0ms (cache hit)
62 http cache strnum@https://registry.npmjs.org/strnum/-/strnum-2.4.1.tgz 0ms (cache hit)
63 http cache source-map-js@https://registry.npmjs.org/source-map-js/-/source-map-js-1.2.1.tgz 0ms (cache hit)
64 http cache source-map@https://registry.npmjs.org/source-map/-/source-map-0.7.6.tgz 0ms (cache hit)
65 http cache smol-toml@https://registry.npmjs.org/smol-toml/-/smol-toml-1.8.0.tgz 0ms (cache hit)
66 http cache shiki@https://registry.npmjs.org/shiki/-/shiki-4.4.3.tgz 0ms (cache hit)
67 http cache sitemap@https://registry.npmjs.org/sitemap/-/sitemap-9.0.1.tgz 0ms (cache hit)
68 http cache sharp@https://registry.npmjs.org/sharp/-/sharp-0.35.3.tgz 0ms (cache hit)
69 http cache sisteransi@https://registry.npmjs.org/sisteransi/-/sisteransi-1.0.5.tgz 0ms (cache hit)
70 http cache semver@https://registry.npmjs.org/semver/-/semver-7.8.5.tgz 0ms (cache hit)
71 http cache sax@https://registry.npmjs.org/sax/-/sax-1.6.1.tgz 0ms (cache hit)
72 http cache scheduler@https://registry.npmjs.org/scheduler/-/scheduler-0.27.0.tgz 0ms (cache hit)
73 http cache satteri@https://registry.npmjs.org/satteri/-/satteri-0.9.5.tgz 0ms (cache hit)
74 http cache rolldown@https://registry.npmjs.org/rolldown/-/rolldown-1.2.4.tgz 0ms (cache hit)
75 http cache retext-stringify@https://registry.npmjs.org/retext-stringify/-/retext-stringify-4.0.0.tgz 0ms (cache hit)
76 http cache retext-latin@https://registry.npmjs.org/retext-latin/-/retext-latin-4.0.0.tgz 0ms (cache hit)
77 http cache resolve-pkg-maps@https://registry.npmjs.org/resolve-pkg-maps/-/resolve-pkg-maps-1.0.0.tgz 0ms (cache hit)
78 http cache retext-smartypants@https://registry.npmjs.org/retext-smartypants/-/retext-smartypants-6.2.0.tgz 0ms (cache hit)
79 http cache retext@https://registry.npmjs.org/retext/-/retext-9.0.0.tgz 0ms (cache hit)
80 http cache remark-smartypants@https://registry.npmjs.org/remark-smartypants/-/remark-smartypants-3.0.3.tgz 0ms (cache hit)
81 http cache remark-parse@https://registry.npmjs.org/remark-parse/-/remark-parse-11.0.0.tgz 0ms (cache hit)
82 http cache remark-mdx@https://registry.npmjs.org/remark-mdx/-/remark-mdx-3.1.1.tgz 0ms (cache hit)
83 http cache rehype-stringify@https://registry.npmjs.org/rehype-stringify/-/rehype-stringify-10.0.1.tgz 0ms (cache hit)
84 http cache remark-gfm@https://registry.npmjs.org/remark-gfm/-/remark-gfm-4.0.1.tgz 0ms (cache hit)
85 http cache rehype-recma@https://registry.npmjs.org/rehype-recma/-/rehype-recma-1.0.0.tgz 0ms (cache hit)
86 http cache remark-rehype@https://registry.npmjs.org/remark-rehype/-/remark-rehype-11.1.2.tgz 0ms (cache hit)
87 http cache remark-stringify@https://registry.npmjs.org/remark-stringify/-/remark-stringify-11.0.0.tgz 0ms (cache hit)
88 http cache rehype-raw@https://registry.npmjs.org/rehype-raw/-/rehype-raw-7.0.0.tgz 0ms (cache hit)
89 http cache regex-recursion@https://registry.npmjs.org/regex-recursion/-/regex-recursion-6.0.2.tgz 0ms (cache hit)
90 http cache regex-utilities@https://registry.npmjs.org/regex-utilities/-/regex-utilities-2.3.0.tgz 0ms (cache hit)
91 http cache recma-parse@https://registry.npmjs.org/recma-parse/-/recma-parse-1.0.0.tgz 0ms (cache hit)
92 http cache recma-jsx@https://registry.npmjs.org/recma-jsx/-/recma-jsx-1.0.1.tgz 0ms (cache hit)
93 http cache readdirp@https://registry.npmjs.org/readdirp/-/readdirp-5.1.1.tgz 0ms (cache hit)
94 http cache react-refresh@https://registry.npmjs.org/react-refresh/-/react-refresh-0.18.0.tgz 0ms (cache hit)
95 http cache recma-stringify@https://registry.npmjs.org/recma-stringify/-/recma-stringify-1.0.0.tgz 0ms (cache hit)
96 http cache react-dom@https://registry.npmjs.org/react-dom/-/react-dom-19.2.8.tgz 0ms (cache hit)
97 http cache regex@https://registry.npmjs.org/regex/-/regex-6.1.0.tgz 0ms (cache hit)
98 http cache react@https://registry.npmjs.org/react/-/react-19.2.8.tgz 0ms (cache hit)
99 http cache recma-build-jsx@https://registry.npmjs.org/recma-build-jsx/-/recma-build-jsx-1.0.0.tgz 0ms (cache hit)
100 http cache radix3@https://registry.npmjs.org/radix3/-/radix3-1.1.2.tgz 0ms (cache hit)
101 http cache property-information@https://registry.npmjs.org/property-information/-/property-information-7.2.0.tgz 0ms (cache hit)
102 http cache process-ancestry@https://registry.npmjs.org/process-ancestry/-/process-ancestry-0.1.0.tgz 0ms (cache hit)
103 http cache picocolors@https://registry.npmjs.org/picocolors/-/picocolors-1.1.1.tgz 0ms (cache hit)
104 http cache postcss@https://registry.npmjs.org/postcss/-/postcss-8.5.26.tgz 0ms (cache hit)
105 http cache piccolore@https://registry.npmjs.org/piccolore/-/piccolore-0.1.3.tgz 0ms (cache hit)
106 http cache prismjs@https://registry.npmjs.org/prismjs/-/prismjs-1.30.0.tgz 0ms (cache hit)
107 http cache picomatch@https://registry.npmjs.org/picomatch/-/picomatch-4.0.5.tgz 0ms (cache hit)
108 http cache path-expression-matcher@https://registry.npmjs.org/path-expression-matcher/-/path-expression-matcher-1.6.2.tgz 0ms (cache hit)
109 http cache parse-latin@https://registry.npmjs.org/parse-latin/-/parse-latin-7.0.0.tgz 0ms (cache hit)
110 http cache parse-entities@https://registry.npmjs.org/parse-entities/-/parse-entities-4.0.2.tgz 0ms (cache hit)
111 http cache p-limit@https://registry.npmjs.org/p-limit/-/p-limit-7.3.1.tgz 0ms (cache hit)
112 http cache oniguruma-parser@https://registry.npmjs.org/oniguruma-parser/-/oniguruma-parser-0.12.2.tgz 0ms (cache hit)
113 http cache oniguruma-to-es@https://registry.npmjs.org/oniguruma-to-es/-/oniguruma-to-es-4.3.6.tgz 0ms (cache hit)
114 http cache p-queue@https://registry.npmjs.org/p-queue/-/p-queue-9.3.3.tgz 0ms (cache hit)
115 http cache p-timeout@https://registry.npmjs.org/p-timeout/-/p-timeout-7.0.1.tgz 0ms (cache hit)
116 http cache package-manager-detector@https://registry.npmjs.org/package-manager-detector/-/package-manager-detector-1.8.0.tgz 0ms (cache hit)
117 http cache ohash@https://registry.npmjs.org/ohash/-/ohash-2.0.11.tgz 0ms (cache hit)
118 http cache ofetch@https://registry.npmjs.org/ofetch/-/ofetch-1.5.1.tgz 0ms (cache hit)
119 http cache nth-check@https://registry.npmjs.org/nth-check/-/nth-check-2.1.1.tgz 0ms (cache hit)
120 http cache node-releases@https://registry.npmjs.org/node-releases/-/node-releases-2.0.53.tgz 0ms (cache hit)
121 http cache normalize-path@https://registry.npmjs.org/normalize-path/-/normalize-path-3.0.0.tgz 0ms (cache hit)
122 http cache node-mock-http@https://registry.npmjs.org/node-mock-http/-/node-mock-http-1.0.5.tgz 0ms (cache hit)
123 http cache nlcst-to-string@https://registry.npmjs.org/nlcst-to-string/-/nlcst-to-string-4.0.0.tgz 0ms (cache hit)
124 http cache parse5@https://registry.npmjs.org/parse5/-/parse5-7.3.0.tgz 0ms (cache hit)
125 http cache nanoid@https://registry.npmjs.org/nanoid/-/nanoid-3.3.18.tgz 0ms (cache hit)
126 http cache obug@https://registry.npmjs.org/obug/-/obug-2.1.4.tgz 0ms (cache hit)
127 http cache node-fetch-native@https://registry.npmjs.org/node-fetch-native/-/node-fetch-native-1.6.7.tgz 0ms (cache hit)
128 http cache neotraverse@https://registry.npmjs.org/neotraverse/-/neotraverse-1.0.1.tgz 0ms (cache hit)
129 http cache mrmime@https://registry.npmjs.org/mrmime/-/mrmime-2.0.1.tgz 0ms (cache hit)
130 http cache micromark-util-symbol@https://registry.npmjs.org/micromark-util-symbol/-/micromark-util-symbol-2.0.1.tgz 0ms (cache hit)
131 http cache micromark-util-subtokenize@https://registry.npmjs.org/micromark-util-subtokenize/-/micromark-util-subtokenize-2.1.0.tgz 0ms (cache hit)
132 http cache ms@https://registry.npmjs.org/ms/-/ms-2.1.3.tgz 0ms (cache hit)
133 http cache micromark-util-types@https://registry.npmjs.org/micromark-util-types/-/micromark-util-types-2.0.2.tgz 0ms (cache hit)
134 http cache micromark-util-resolve-all@https://registry.npmjs.org/micromark-util-resolve-all/-/micromark-util-resolve-all-2.0.1.tgz 0ms (cache hit)
135 http cache micromark-util-sanitize-uri@https://registry.npmjs.org/micromark-util-sanitize-uri/-/micromark-util-sanitize-uri-2.0.1.tgz 0ms (cache hit)
136 http cache micromark-util-html-tag-name@https://registry.npmjs.org/micromark-util-html-tag-name/-/micromark-util-html-tag-name-2.0.1.tgz 0ms (cache hit)
137 http cache micromark-util-events-to-acorn@https://registry.npmjs.org/micromark-util-events-to-acorn/-/micromark-util-events-to-acorn-2.0.3.tgz 0ms (cache hit)
138 http cache micromark-util-normalize-identifier@https://registry.npmjs.org/micromark-util-normalize-identifier/-/micromark-util-normalize-identifier-2.0.1.tgz 0ms (cache hit)
139 http cache micromark-util-encode@https://registry.npmjs.org/micromark-util-encode/-/micromark-util-encode-2.0.1.tgz 0ms (cache hit)
140 http cache micromark-util-decode-numeric-character-reference@https://registry.npmjs.org/micromark-util-decode-numeric-character-reference/-/micromark-util-decode-numeric-character-reference-2.0.2.tgz 0ms (cache hit)
141 http cache micromark-util-combine-extensions@https://registry.npmjs.org/micromark-util-combine-extensions/-/micromark-util-combine-extensions-2.0.1.tgz 0ms (cache hit)
142 http cache micromark-util-character@https://registry.npmjs.org/micromark-util-character/-/micromark-util-character-2.1.1.tgz 0ms (cache hit)
143 http cache micromark-util-decode-string@https://registry.npmjs.org/micromark-util-decode-string/-/micromark-util-decode-string-2.0.1.tgz 0ms (cache hit)
144 http cache micromark-util-classify-character@https://registry.npmjs.org/micromark-util-classify-character/-/micromark-util-classify-character-2.0.1.tgz 0ms (cache hit)
145 http cache micromark-util-chunked@https://registry.npmjs.org/micromark-util-chunked/-/micromark-util-chunked-2.0.1.tgz 0ms (cache hit)
146 http cache micromark-factory-title@https://registry.npmjs.org/micromark-factory-title/-/micromark-factory-title-2.0.1.tgz 0ms (cache hit)
147 http cache micromark-factory-whitespace@https://registry.npmjs.org/micromark-factory-whitespace/-/micromark-factory-whitespace-2.0.1.tgz 0ms (cache hit)
148 http cache micromark-factory-space@https://registry.npmjs.org/micromark-factory-space/-/micromark-factory-space-2.0.1.tgz 0ms (cache hit)
149 http cache micromark-factory-mdx-expression@https://registry.npmjs.org/micromark-factory-mdx-expression/-/micromark-factory-mdx-expression-2.0.3.tgz 0ms (cache hit)
150 http cache micromark-factory-label@https://registry.npmjs.org/micromark-factory-label/-/micromark-factory-label-2.0.1.tgz 0ms (cache hit)
151 http cache micromark-factory-destination@https://registry.npmjs.org/micromark-factory-destination/-/micromark-factory-destination-2.0.1.tgz 0ms (cache hit)
152 http cache micromark-extension-mdxjs-esm@https://registry.npmjs.org/micromark-extension-mdxjs-esm/-/micromark-extension-mdxjs-esm-3.0.0.tgz 0ms (cache hit)
153 http cache micromark-extension-mdx-md@https://registry.npmjs.org/micromark-extension-mdx-md/-/micromark-extension-mdx-md-2.0.0.tgz 0ms (cache hit)
154 http cache micromark-extension-gfm-task-list-item@https://registry.npmjs.org/micromark-extension-gfm-task-list-item/-/micromark-extension-gfm-task-list-item-2.1.0.tgz 0ms (cache hit)
155 http cache micromark-extension-mdx-jsx@https://registry.npmjs.org/micromark-extension-mdx-jsx/-/micromark-extension-mdx-jsx-3.0.2.tgz 0ms (cache hit)
156 http cache micromark-extension-gfm-table@https://registry.npmjs.org/micromark-extension-gfm-table/-/micromark-extension-gfm-table-2.1.1.tgz 0ms (cache hit)
157 http cache micromark-extension-mdxjs@https://registry.npmjs.org/micromark-extension-mdxjs/-/micromark-extension-mdxjs-3.0.0.tgz 0ms (cache hit)
158 http cache micromark-extension-gfm-strikethrough@https://registry.npmjs.org/micromark-extension-gfm-strikethrough/-/micromark-extension-gfm-strikethrough-2.1.0.tgz 0ms (cache hit)
159 http cache micromark-extension-gfm-tagfilter@https://registry.npmjs.org/micromark-extension-gfm-tagfilter/-/micromark-extension-gfm-tagfilter-2.0.0.tgz 0ms (cache hit)
160 http cache micromark-extension-gfm-footnote@https://registry.npmjs.org/micromark-extension-gfm-footnote/-/micromark-extension-gfm-footnote-2.1.0.tgz 0ms (cache hit)
161 http cache micromark-extension-gfm-autolink-literal@https://registry.npmjs.org/micromark-extension-gfm-autolink-literal/-/micromark-extension-gfm-autolink-literal-2.1.0.tgz 0ms (cache hit)
162 http cache micromark-extension-gfm@https://registry.npmjs.org/micromark-extension-gfm/-/micromark-extension-gfm-3.0.0.tgz 0ms (cache hit)
163 http cache micromark-core-commonmark@https://registry.npmjs.org/micromark-core-commonmark/-/micromark-core-commonmark-2.0.3.tgz 0ms (cache hit)
164 http cache micromark@https://registry.npmjs.org/micromark/-/micromark-4.0.2.tgz 0ms (cache hit)
165 http cache mdast-util-to-string@https://registry.npmjs.org/mdast-util-to-string/-/mdast-util-to-string-4.0.0.tgz 0ms (cache hit)
166 http cache mdn-data@https://registry.npmjs.org/mdn-data/-/mdn-data-2.27.1.tgz 0ms (cache hit)
167 http cache mdast-util-to-hast@https://registry.npmjs.org/mdast-util-to-hast/-/mdast-util-to-hast-13.2.1.tgz 0ms (cache hit)
168 http cache micromark-extension-mdx-expression@https://registry.npmjs.org/micromark-extension-mdx-expression/-/micromark-extension-mdx-expression-3.0.1.tgz 0ms (cache hit)
169 http cache mdast-util-to-markdown@https://registry.npmjs.org/mdast-util-to-markdown/-/mdast-util-to-markdown-2.1.2.tgz 0ms (cache hit)
170 http cache mdast-util-mdxjs-esm@https://registry.npmjs.org/mdast-util-mdxjs-esm/-/mdast-util-mdxjs-esm-2.0.1.tgz 0ms (cache hit)
171 http cache mdast-util-phrasing@https://registry.npmjs.org/mdast-util-phrasing/-/mdast-util-phrasing-4.1.0.tgz 0ms (cache hit)
172 http cache mdast-util-mdx-expression@https://registry.npmjs.org/mdast-util-mdx-expression/-/mdast-util-mdx-expression-2.0.1.tgz 0ms (cache hit)
173 http cache mdast-util-gfm-task-list-item@https://registry.npmjs.org/mdast-util-gfm-task-list-item/-/mdast-util-gfm-task-list-item-2.0.0.tgz 0ms (cache hit)
174 http cache mdast-util-mdx-jsx@https://registry.npmjs.org/mdast-util-mdx-jsx/-/mdast-util-mdx-jsx-3.2.0.tgz 0ms (cache hit)
175 http cache mdast-util-gfm-table@https://registry.npmjs.org/mdast-util-gfm-table/-/mdast-util-gfm-table-2.0.0.tgz 0ms (cache hit)
176 http cache mdast-util-gfm-strikethrough@https://registry.npmjs.org/mdast-util-gfm-strikethrough/-/mdast-util-gfm-strikethrough-2.0.0.tgz 0ms (cache hit)
177 http cache mdast-util-gfm-autolink-literal@https://registry.npmjs.org/mdast-util-gfm-autolink-literal/-/mdast-util-gfm-autolink-literal-2.0.1.tgz 0ms (cache hit)
178 http cache mdast-util-gfm@https://registry.npmjs.org/mdast-util-gfm/-/mdast-util-gfm-3.1.0.tgz 0ms (cache hit)
179 http cache mdast-util-mdx@https://registry.npmjs.org/mdast-util-mdx/-/mdast-util-mdx-3.0.0.tgz 0ms (cache hit)
180 http cache mdast-util-from-markdown@https://registry.npmjs.org/mdast-util-from-markdown/-/mdast-util-from-markdown-2.0.3.tgz 0ms (cache hit)
181 http cache mdast-util-definitions@https://registry.npmjs.org/mdast-util-definitions/-/mdast-util-definitions-6.0.0.tgz 0ms (cache hit)
182 http cache mdast-util-gfm-footnote@https://registry.npmjs.org/mdast-util-gfm-footnote/-/mdast-util-gfm-footnote-2.1.0.tgz 0ms (cache hit)
183 http cache mdast-util-find-and-replace@https://registry.npmjs.org/mdast-util-find-and-replace/-/mdast-util-find-and-replace-3.0.2.tgz 0ms (cache hit)
184 http cache markdown-extensions@https://registry.npmjs.org/markdown-extensions/-/markdown-extensions-2.0.0.tgz 0ms (cache hit)
185 http cache magicast@https://registry.npmjs.org/magicast/-/magicast-0.5.4.tgz 0ms (cache hit)
186 http cache magic-string@https://registry.npmjs.org/magic-string/-/magic-string-1.2.0.tgz 0ms (cache hit)
187 http cache lru-cache@https://registry.npmjs.org/lru-cache/-/lru-cache-11.5.2.tgz 0ms (cache hit)
188 http cache longest-streak@https://registry.npmjs.org/longest-streak/-/longest-streak-3.1.0.tgz 0ms (cache hit)
189 http cache markdown-table@https://registry.npmjs.org/markdown-table/-/markdown-table-3.0.4.tgz 0ms (cache hit)
190 http cache lightningcss-darwin-arm64@https://registry.npmjs.org/lightningcss-darwin-arm64/-/lightningcss-darwin-arm64-1.33.0.tgz 0ms (cache hit)
191 http cache json5@https://registry.npmjs.org/json5/-/json5-2.2.3.tgz 0ms (cache hit)
192 http cache jsonc-parser@https://registry.npmjs.org/jsonc-parser/-/jsonc-parser-3.3.1.tgz 0ms (cache hit)
193 http cache jsesc@https://registry.npmjs.org/jsesc/-/jsesc-3.1.0.tgz 0ms (cache hit)
194 http cache lightningcss@https://registry.npmjs.org/lightningcss/-/lightningcss-1.33.0.tgz 0ms (cache hit)
195 http cache jiti@https://registry.npmjs.org/jiti/-/jiti-2.7.0.tgz 0ms (cache hit)
196 http cache js-tokens@https://registry.npmjs.org/js-tokens/-/js-tokens-4.0.0.tgz 0ms (cache hit)
197 http cache is-unsafe@https://registry.npmjs.org/is-unsafe/-/is-unsafe-2.0.0.tgz 0ms (cache hit)
198 http cache js-yaml@https://registry.npmjs.org/js-yaml/-/js-yaml-4.3.1.tgz 0ms (cache hit)
199 http cache is-docker@https://registry.npmjs.org/is-docker/-/is-docker-4.0.0.tgz 0ms (cache hit)
200 http cache is-plain-obj@https://registry.npmjs.org/is-plain-obj/-/is-plain-obj-4.1.0.tgz 0ms (cache hit)
201 http cache is-hexadecimal@https://registry.npmjs.org/is-hexadecimal/-/is-hexadecimal-2.0.1.tgz 0ms (cache hit)
202 http cache is-alphabetical@https://registry.npmjs.org/is-alphabetical/-/is-alphabetical-2.0.1.tgz 0ms (cache hit)
203 http cache iron-webcrypto@https://registry.npmjs.org/iron-webcrypto/-/iron-webcrypto-1.2.1.tgz 0ms (cache hit)
204 http cache is-alphanumerical@https://registry.npmjs.org/is-alphanumerical/-/is-alphanumerical-2.0.1.tgz 0ms (cache hit)
205 http cache is-decimal@https://registry.npmjs.org/is-decimal/-/is-decimal-2.0.1.tgz 0ms (cache hit)
206 http cache inline-style-parser@https://registry.npmjs.org/inline-style-parser/-/inline-style-parser-0.2.7.tgz 0ms (cache hit)
207 http cache http-cache-semantics@https://registry.npmjs.org/http-cache-semantics/-/http-cache-semantics-4.2.0.tgz 0ms (cache hit)
208 http cache html-escaper@https://registry.npmjs.org/html-escaper/-/html-escaper-3.0.3.tgz 0ms (cache hit)
209 http cache hastscript@https://registry.npmjs.org/hastscript/-/hastscript-9.0.1.tgz 0ms (cache hit)
210 http cache hast-util-whitespace@https://registry.npmjs.org/hast-util-whitespace/-/hast-util-whitespace-3.0.0.tgz 0ms (cache hit)
211 http cache html-void-elements@https://registry.npmjs.org/html-void-elements/-/html-void-elements-3.0.0.tgz 0ms (cache hit)
212 http cache hast-util-to-text@https://registry.npmjs.org/hast-util-to-text/-/hast-util-to-text-4.0.2.tgz 0ms (cache hit)
213 http cache hast-util-to-parse5@https://registry.npmjs.org/hast-util-to-parse5/-/hast-util-to-parse5-8.0.1.tgz 0ms (cache hit)
214 http cache hast-util-to-jsx-runtime@https://registry.npmjs.org/hast-util-to-jsx-runtime/-/hast-util-to-jsx-runtime-2.3.6.tgz 0ms (cache hit)
215 http cache hast-util-raw@https://registry.npmjs.org/hast-util-raw/-/hast-util-raw-9.1.0.tgz 0ms (cache hit)
216 http cache hast-util-to-estree@https://registry.npmjs.org/hast-util-to-estree/-/hast-util-to-estree-3.1.3.tgz 0ms (cache hit)
217 http cache hast-util-parse-selector@https://registry.npmjs.org/hast-util-parse-selector/-/hast-util-parse-selector-4.0.0.tgz 0ms (cache hit)
218 http cache hast-util-is-element@https://registry.npmjs.org/hast-util-is-element/-/hast-util-is-element-3.0.0.tgz 0ms (cache hit)
219 http cache hast-util-from-html@https://registry.npmjs.org/hast-util-from-html/-/hast-util-from-html-2.0.3.tgz 0ms (cache hit)
220 http cache hast-util-from-parse5@https://registry.npmjs.org/hast-util-from-parse5/-/hast-util-from-parse5-8.0.3.tgz 0ms (cache hit)
221 http cache graceful-fs@https://registry.npmjs.org/graceful-fs/-/graceful-fs-4.2.11.tgz 0ms (cache hit)
222 http cache github-slugger@https://registry.npmjs.org/github-slugger/-/github-slugger-2.0.0.tgz 0ms (cache hit)
223 http cache hast-util-to-html@https://registry.npmjs.org/hast-util-to-html/-/hast-util-to-html-9.0.5.tgz 0ms (cache hit)
224 http cache fsevents@https://registry.npmjs.org/fsevents/-/fsevents-2.3.3.tgz 0ms (cache hit)
225 http cache get-tsconfig@https://registry.npmjs.org/get-tsconfig/-/get-tsconfig-5.0.0-beta.4.tgz 0ms (cache hit)
226 http cache fontkitten@https://registry.npmjs.org/fontkitten/-/fontkitten-1.0.3.tgz 0ms (cache hit)
227 http cache gensync@https://registry.npmjs.org/gensync/-/gensync-1.0.0-beta.2.tgz 0ms (cache hit)
228 http cache fontace@https://registry.npmjs.org/fontace/-/fontace-0.4.1.tgz 0ms (cache hit)
229 http cache flattie@https://registry.npmjs.org/flattie/-/flattie-1.1.1.tgz 0ms (cache hit)
230 http cache fdir@https://registry.npmjs.org/fdir/-/fdir-6.5.0.tgz 1ms (cache hit)
231 http cache fast-xml-parser@https://registry.npmjs.org/fast-xml-parser/-/fast-xml-parser-5.10.1.tgz 0ms (cache hit)
232 http cache h3@https://registry.npmjs.org/h3/-/h3-1.15.11.tgz 0ms (cache hit)
233 http cache fast-xml-builder@https://registry.npmjs.org/fast-xml-builder/-/fast-xml-builder-1.3.0.tgz 0ms (cache hit)
234 http cache fast-wrap-ansi@https://registry.npmjs.org/fast-wrap-ansi/-/fast-wrap-ansi-0.2.2.tgz 0ms (cache hit)
235 http cache fast-string-width@https://registry.npmjs.org/fast-string-width/-/fast-string-width-3.0.2.tgz 0ms (cache hit)
236 http cache fast-string-truncated-width@https://registry.npmjs.org/fast-string-truncated-width/-/fast-string-truncated-width-3.0.3.tgz 0ms (cache hit)
237 http cache extend@https://registry.npmjs.org/extend/-/extend-3.0.2.tgz 0ms (cache hit)
238 http cache eventemitter3@https://registry.npmjs.org/eventemitter3/-/eventemitter3-5.0.4.tgz 0ms (cache hit)
239 http cache estree-util-to-js@https://registry.npmjs.org/estree-util-to-js/-/estree-util-to-js-2.0.0.tgz 0ms (cache hit)
240 http cache estree-walker@https://registry.npmjs.org/estree-walker/-/estree-walker-3.0.3.tgz 0ms (cache hit)
241 http cache estree-util-scope@https://registry.npmjs.org/estree-util-scope/-/estree-util-scope-1.0.0.tgz 0ms (cache hit)
242 http cache estree-util-is-identifier-name@https://registry.npmjs.org/estree-util-is-identifier-name/-/estree-util-is-identifier-name-3.0.0.tgz 0ms (cache hit)
243 http cache estree-util-visit@https://registry.npmjs.org/estree-util-visit/-/estree-util-visit-2.0.0.tgz 0ms (cache hit)
244 http cache estree-util-attach-comments@https://registry.npmjs.org/estree-util-attach-comments/-/estree-util-attach-comments-3.0.0.tgz 0ms (cache hit)
245 http cache escape-string-regexp@https://registry.npmjs.org/escape-string-regexp/-/escape-string-regexp-5.0.0.tgz 0ms (cache hit)
246 http cache estree-util-build-jsx@https://registry.npmjs.org/estree-util-build-jsx/-/estree-util-build-jsx-3.0.1.tgz 0ms (cache hit)
247 http cache escalade@https://registry.npmjs.org/escalade/-/escalade-3.2.0.tgz 0ms (cache hit)
248 http cache esast-util-from-js@https://registry.npmjs.org/esast-util-from-js/-/esast-util-from-js-2.0.1.tgz 0ms (cache hit)
249 http cache esbuild@https://registry.npmjs.org/esbuild/-/esbuild-0.28.2.tgz 0ms (cache hit)
250 http cache entities@https://registry.npmjs.org/entities/-/entities-6.0.1.tgz 0ms (cache hit)
251 http cache esast-util-from-estree@https://registry.npmjs.org/esast-util-from-estree/-/esast-util-from-estree-2.0.0.tgz 0ms (cache hit)
252 http cache electron-to-chromium@https://registry.npmjs.org/electron-to-chromium/-/electron-to-chromium-1.5.405.tgz 0ms (cache hit)
253 http cache es-module-lexer@https://registry.npmjs.org/es-module-lexer/-/es-module-lexer-2.3.1.tgz 0ms (cache hit)
254 http cache enhanced-resolve@https://registry.npmjs.org/enhanced-resolve/-/enhanced-resolve-5.24.5.tgz 0ms (cache hit)
255 http cache domutils@https://registry.npmjs.org/domutils/-/domutils-3.2.2.tgz 0ms (cache hit)
256 http cache dset@https://registry.npmjs.org/dset/-/dset-3.1.4.tgz 0ms (cache hit)
257 http cache domhandler@https://registry.npmjs.org/domhandler/-/domhandler-5.0.3.tgz 0ms (cache hit)
258 http cache domelementtype@https://registry.npmjs.org/domelementtype/-/domelementtype-2.3.0.tgz 0ms (cache hit)
259 http cache diff@https://registry.npmjs.org/diff/-/diff-8.0.4.tgz 0ms (cache hit)
260 http cache dom-serializer@https://registry.npmjs.org/dom-serializer/-/dom-serializer-2.0.0.tgz 0ms (cache hit)
261 http cache devlop@https://registry.npmjs.org/devlop/-/devlop-1.1.0.tgz 0ms (cache hit)
262 http cache devalue@https://registry.npmjs.org/devalue/-/devalue-5.9.0.tgz 0ms (cache hit)
263 http cache detect-libc@https://registry.npmjs.org/detect-libc/-/detect-libc-2.1.2.tgz 0ms (cache hit)
264 http cache destr@https://registry.npmjs.org/destr/-/destr-2.0.5.tgz 0ms (cache hit)
265 http cache dequal@https://registry.npmjs.org/dequal/-/dequal-2.0.3.tgz 0ms (cache hit)
266 http cache defu@https://registry.npmjs.org/defu/-/defu-6.1.7.tgz 0ms (cache hit)
267 http cache decode-named-character-reference@https://registry.npmjs.org/decode-named-character-reference/-/decode-named-character-reference-1.3.0.tgz 0ms (cache hit)
268 http cache csstype@https://registry.npmjs.org/csstype/-/csstype-3.2.3.tgz 0ms (cache hit)
269 http cache daisyui@https://registry.npmjs.org/daisyui/-/daisyui-5.7.16.tgz 0ms (cache hit)
270 http cache debug@https://registry.npmjs.org/debug/-/debug-4.4.3.tgz 0ms (cache hit)
271 http cache css-what@https://registry.npmjs.org/css-what/-/css-what-6.2.2.tgz 0ms (cache hit)
272 http cache csso@https://registry.npmjs.org/csso/-/csso-5.0.5.tgz 0ms (cache hit)
273 http cache css-select@https://registry.npmjs.org/css-select/-/css-select-5.2.2.tgz 0ms (cache hit)
274 http cache css-tree@https://registry.npmjs.org/css-tree/-/css-tree-3.2.1.tgz 0ms (cache hit)
275 http cache crossws@https://registry.npmjs.org/crossws/-/crossws-0.3.5.tgz 0ms (cache hit)
276 http cache cookie-es@https://registry.npmjs.org/cookie-es/-/cookie-es-1.2.3.tgz 0ms (cache hit)
277 http cache convert-source-map@https://registry.npmjs.org/convert-source-map/-/convert-source-map-2.0.0.tgz 0ms (cache hit)
278 http cache cookie@https://registry.npmjs.org/cookie/-/cookie-2.0.1.tgz 0ms (cache hit)
279 http cache common-ancestor-path@https://registry.npmjs.org/common-ancestor-path/-/common-ancestor-path-2.0.0.tgz 0ms (cache hit)
280 http cache commander@https://registry.npmjs.org/commander/-/commander-11.1.0.tgz 0ms (cache hit)
281 http cache collapse-white-space@https://registry.npmjs.org/collapse-white-space/-/collapse-white-space-2.1.0.tgz 0ms (cache hit)
282 http cache clsx@https://registry.npmjs.org/clsx/-/clsx-2.1.1.tgz 0ms (cache hit)
283 http cache comma-separated-tokens@https://registry.npmjs.org/comma-separated-tokens/-/comma-separated-tokens-2.0.3.tgz 0ms (cache hit)
284 http cache character-reference-invalid@https://registry.npmjs.org/character-reference-invalid/-/character-reference-invalid-2.0.1.tgz 0ms (cache hit)
285 http cache ci-info@https://registry.npmjs.org/ci-info/-/ci-info-4.4.0.tgz 0ms (cache hit)
286 http cache chokidar@https://registry.npmjs.org/chokidar/-/chokidar-5.0.0.tgz 0ms (cache hit)
287 http cache character-entities-html4@https://registry.npmjs.org/character-entities-html4/-/character-entities-html4-2.1.0.tgz 0ms (cache hit)
288 http cache character-entities@https://registry.npmjs.org/character-entities/-/character-entities-2.0.2.tgz 0ms (cache hit)
289 http cache ccount@https://registry.npmjs.org/ccount/-/ccount-2.0.1.tgz 0ms (cache hit)
290 http cache boolbase@https://registry.npmjs.org/boolbase/-/boolbase-1.0.0.tgz 0ms (cache hit)
291 http cache caniuse-lite@https://registry.npmjs.org/caniuse-lite/-/caniuse-lite-1.0.30001809.tgz 0ms (cache hit)
292 http cache browserslist@https://registry.npmjs.org/browserslist/-/browserslist-4.28.8.tgz 0ms (cache hit)
293 http cache baseline-browser-mapping@https://registry.npmjs.org/baseline-browser-mapping/-/baseline-browser-mapping-2.11.14.tgz 0ms (cache hit)
294 http cache character-entities-legacy@https://registry.npmjs.org/character-entities-legacy/-/character-entities-legacy-3.0.0.tgz 0ms (cache hit)
295 http cache bail@https://registry.npmjs.org/bail/-/bail-2.0.2.tgz 0ms (cache hit)
296 http cache axobject-query@https://registry.npmjs.org/axobject-query/-/axobject-query-4.1.0.tgz 0ms (cache hit)
297 http cache astring@https://registry.npmjs.org/astring/-/astring-1.9.0.tgz 0ms (cache hit)
298 http cache aria-query@https://registry.npmjs.org/aria-query/-/aria-query-5.3.2.tgz 0ms (cache hit)
299 http cache array-iterate@https://registry.npmjs.org/array-iterate/-/array-iterate-2.0.1.tgz 0ms (cache hit)
300 http cache astro@https://registry.npmjs.org/astro/-/astro-7.2.1.tgz 0ms (cache hit)
301 http cache anynum@https://registry.npmjs.org/anynum/-/anynum-1.0.1.tgz 0ms (cache hit)
302 http cache argparse@https://registry.npmjs.org/argparse/-/argparse-2.0.1.tgz 0ms (cache hit)
303 http cache anymatch@https://registry.npmjs.org/anymatch/-/anymatch-3.1.3.tgz 0ms (cache hit)
304 http cache am-i-vibing@https://registry.npmjs.org/am-i-vibing/-/am-i-vibing-0.4.0.tgz 0ms (cache hit)
305 http cache acorn@https://registry.npmjs.org/acorn/-/acorn-8.18.0.tgz 0ms (cache hit)
306 http cache acorn-jsx@https://registry.npmjs.org/acorn-jsx/-/acorn-jsx-5.3.2.tgz 0ms (cache hit)
307 http cache arg@https://registry.npmjs.org/arg/-/arg-5.0.2.tgz 0ms (cache hit)
308 http cache @ungap/structured-clone@https://registry.npmjs.org/@ungap/structured-clone/-/structured-clone-1.3.3.tgz 0ms (cache hit)
309 http cache @vitejs/plugin-react@https://registry.npmjs.org/@vitejs/plugin-react/-/plugin-react-5.2.0.tgz 0ms (cache hit)
310 http cache @types/unist@https://registry.npmjs.org/@types/unist/-/unist-3.0.3.tgz 0ms (cache hit)
311 http cache @types/react-dom@https://registry.npmjs.org/@types/react-dom/-/react-dom-19.2.4.tgz 0ms (cache hit)
312 http cache @types/react@https://registry.npmjs.org/@types/react/-/react-19.2.18.tgz 0ms (cache hit)
313 http cache @types/node@https://registry.npmjs.org/@types/node/-/node-24.13.3.tgz 0ms (cache hit)
314 http cache @types/sax@https://registry.npmjs.org/@types/sax/-/sax-1.2.7.tgz 0ms (cache hit)
315 http cache @types/nlcst@https://registry.npmjs.org/@types/nlcst/-/nlcst-2.0.3.tgz 0ms (cache hit)
316 http cache @types/mdx@https://registry.npmjs.org/@types/mdx/-/mdx-2.0.14.tgz 0ms (cache hit)
317 http cache @types/ms@https://registry.npmjs.org/@types/ms/-/ms-2.1.0.tgz 0ms (cache hit)
318 http cache @types/mdast@https://registry.npmjs.org/@types/mdast/-/mdast-4.0.4.tgz 0ms (cache hit)
319 http cache @types/estree-jsx@https://registry.npmjs.org/@types/estree-jsx/-/estree-jsx-1.0.5.tgz 0ms (cache hit)
320 http cache @types/hast@https://registry.npmjs.org/@types/hast/-/hast-3.0.5.tgz 0ms (cache hit)
321 http cache @types/estree@https://registry.npmjs.org/@types/estree/-/estree-1.0.9.tgz 0ms (cache hit)
322 http cache @types/debug@https://registry.npmjs.org/@types/debug/-/debug-4.1.13.tgz 0ms (cache hit)
323 http cache @types/babel__generator@https://registry.npmjs.org/@types/babel__generator/-/babel__generator-7.27.0.tgz 0ms (cache hit)
324 http cache @types/babel__template@https://registry.npmjs.org/@types/babel__template/-/babel__template-7.4.4.tgz 0ms (cache hit)
325 http cache @tailwindcss/vite@https://registry.npmjs.org/@tailwindcss/vite/-/vite-4.3.3.tgz 0ms (cache hit)
326 http cache @types/babel__traverse@https://registry.npmjs.org/@types/babel__traverse/-/babel__traverse-7.28.0.tgz 0ms (cache hit)
327 http cache @types/babel__core@https://registry.npmjs.org/@types/babel__core/-/babel__core-7.20.5.tgz 0ms (cache hit)
328 http cache @tailwindcss/oxide-darwin-arm64@https://registry.npmjs.org/@tailwindcss/oxide-darwin-arm64/-/oxide-darwin-arm64-4.3.3.tgz 0ms (cache hit)
329 http cache @tailwindcss/oxide@https://registry.npmjs.org/@tailwindcss/oxide/-/oxide-4.3.3.tgz 0ms (cache hit)
330 http cache @shikijs/vscode-textmate@https://registry.npmjs.org/@shikijs/vscode-textmate/-/vscode-textmate-10.0.2.tgz 0ms (cache hit)
331 http cache @tailwindcss/node@https://registry.npmjs.org/@tailwindcss/node/-/node-4.3.3.tgz 0ms (cache hit)
332 http cache @shikijs/types@https://registry.npmjs.org/@shikijs/types/-/types-4.4.3.tgz 0ms (cache hit)
333 http cache @shikijs/themes@https://registry.npmjs.org/@shikijs/themes/-/themes-4.4.3.tgz 0ms (cache hit)
334 http cache @shikijs/engine-javascript@https://registry.npmjs.org/@shikijs/engine-javascript/-/engine-javascript-4.4.3.tgz 0ms (cache hit)
335 http cache @shikijs/engine-oniguruma@https://registry.npmjs.org/@shikijs/engine-oniguruma/-/engine-oniguruma-4.4.3.tgz 0ms (cache hit)
336 http cache @rolldown/pluginutils@https://registry.npmjs.org/@rolldown/pluginutils/-/pluginutils-1.0.1.tgz 0ms (cache hit)
337 http cache @shikijs/primitive@https://registry.npmjs.org/@shikijs/primitive/-/primitive-4.4.3.tgz 0ms (cache hit)
338 http cache @shikijs/langs@https://registry.npmjs.org/@shikijs/langs/-/langs-4.4.3.tgz 0ms (cache hit)
339 http cache @oxc-project/types@https://registry.npmjs.org/@oxc-project/types/-/types-0.144.0.tgz 0ms (cache hit)
340 http cache @oslojs/encoding@https://registry.npmjs.org/@oslojs/encoding/-/encoding-1.1.0.tgz 0ms (cache hit)
341 http cache @shikijs/core@https://registry.npmjs.org/@shikijs/core/-/core-4.4.3.tgz 0ms (cache hit)
342 http cache @nodable/entities@https://registry.npmjs.org/@nodable/entities/-/entities-3.0.0.tgz 0ms (cache hit)
343 http cache @jridgewell/trace-mapping@https://registry.npmjs.org/@jridgewell/trace-mapping/-/trace-mapping-0.3.31.tgz 0ms (cache hit)
344 http cache @mdx-js/mdx@https://registry.npmjs.org/@mdx-js/mdx/-/mdx-3.1.1.tgz 0ms (cache hit)
345 http cache @jridgewell/sourcemap-codec@https://registry.npmjs.org/@jridgewell/sourcemap-codec/-/sourcemap-codec-1.5.5.tgz 0ms (cache hit)
346 http cache @jridgewell/remapping@https://registry.npmjs.org/@jridgewell/remapping/-/remapping-2.3.5.tgz 0ms (cache hit)
347 http cache @jridgewell/resolve-uri@https://registry.npmjs.org/@jridgewell/resolve-uri/-/resolve-uri-3.1.2.tgz 0ms (cache hit)
348 http cache @rolldown/binding-darwin-arm64@https://registry.npmjs.org/@rolldown/binding-darwin-arm64/-/binding-darwin-arm64-1.2.4.tgz 0ms (cache hit)
349 http cache @img/sharp-darwin-arm64@https://registry.npmjs.org/@img/sharp-darwin-arm64/-/sharp-darwin-arm64-0.35.3.tgz 0ms (cache hit)
350 http cache @img/sharp-libvips-darwin-arm64@https://registry.npmjs.org/@img/sharp-libvips-darwin-arm64/-/sharp-libvips-darwin-arm64-1.3.2.tgz 0ms (cache hit)
351 http cache @img/colour@https://registry.npmjs.org/@img/colour/-/colour-1.1.0.tgz 0ms (cache hit)
352 http cache @jridgewell/gen-mapping@https://registry.npmjs.org/@jridgewell/gen-mapping/-/gen-mapping-0.3.13.tgz 0ms (cache hit)
353 http cache @clack/prompts@https://registry.npmjs.org/@clack/prompts/-/prompts-1.7.0.tgz 0ms (cache hit)
354 http cache @clack/core@https://registry.npmjs.org/@clack/core/-/core-1.4.3.tgz 0ms (cache hit)
355 http cache @esbuild/darwin-arm64@https://registry.npmjs.org/@esbuild/darwin-arm64/-/darwin-arm64-0.28.2.tgz 0ms (cache hit)
356 http cache @capsizecss/unpack@https://registry.npmjs.org/@capsizecss/unpack/-/unpack-4.0.1.tgz 0ms (cache hit)
357 http cache @bruits/satteri-darwin-arm64@https://registry.npmjs.org/@bruits/satteri-darwin-arm64/-/satteri-darwin-arm64-0.9.5.tgz 0ms (cache hit)
358 http cache @babel/types@https://registry.npmjs.org/@babel/types/-/types-7.29.8.tgz 0ms (cache hit)
359 http cache @babel/traverse@https://registry.npmjs.org/@babel/traverse/-/traverse-7.29.8.tgz 0ms (cache hit)
360 http cache @babel/template@https://registry.npmjs.org/@babel/template/-/template-7.29.7.tgz 0ms (cache hit)
361 http cache @babel/plugin-transform-react-jsx-source@https://registry.npmjs.org/@babel/plugin-transform-react-jsx-source/-/plugin-transform-react-jsx-source-7.29.7.tgz 0ms (cache hit)
362 http cache @babel/plugin-transform-react-jsx-self@https://registry.npmjs.org/@babel/plugin-transform-react-jsx-self/-/plugin-transform-react-jsx-self-7.29.7.tgz 0ms (cache hit)
363 http cache @babel/parser@https://registry.npmjs.org/@babel/parser/-/parser-7.29.8.tgz 0ms (cache hit)
364 http cache @babel/helpers@https://registry.npmjs.org/@babel/helpers/-/helpers-7.29.7.tgz 0ms (cache hit)
365 http cache @babel/helper-string-parser@https://registry.npmjs.org/@babel/helper-string-parser/-/helper-string-parser-7.29.7.tgz 0ms (cache hit)
366 http cache @babel/helper-validator-option@https://registry.npmjs.org/@babel/helper-validator-option/-/helper-validator-option-7.29.7.tgz 0ms (cache hit)
367 http cache @babel/helper-validator-identifier@https://registry.npmjs.org/@babel/helper-validator-identifier/-/helper-validator-identifier-7.29.7.tgz 0ms (cache hit)
368 http cache @babel/helper-plugin-utils@https://registry.npmjs.org/@babel/helper-plugin-utils/-/helper-plugin-utils-7.29.7.tgz 0ms (cache hit)
369 http cache @babel/helper-module-imports@https://registry.npmjs.org/@babel/helper-module-imports/-/helper-module-imports-7.29.7.tgz 0ms (cache hit)
370 http cache @babel/helper-module-transforms@https://registry.npmjs.org/@babel/helper-module-transforms/-/helper-module-transforms-7.29.7.tgz 0ms (cache hit)
371 http cache @babel/helper-globals@https://registry.npmjs.org/@babel/helper-globals/-/helper-globals-7.29.7.tgz 0ms (cache hit)
372 http cache @babel/helper-compilation-targets@https://registry.npmjs.org/@babel/helper-compilation-targets/-/helper-compilation-targets-7.29.7.tgz 0ms (cache hit)
373 http cache @babel/generator@https://registry.npmjs.org/@babel/generator/-/generator-7.29.8.tgz 0ms (cache hit)
374 http cache @babel/core@https://registry.npmjs.org/@babel/core/-/core-7.29.7.tgz 0ms (cache hit)
375 http cache @babel/compat-data@https://registry.npmjs.org/@babel/compat-data/-/compat-data-7.29.7.tgz 0ms (cache hit)
376 http cache @babel/code-frame@https://registry.npmjs.org/@babel/code-frame/-/code-frame-7.29.7.tgz 0ms (cache hit)
377 http cache @astrojs/sitemap@https://registry.npmjs.org/@astrojs/sitemap/-/sitemap-3.7.3.tgz 0ms (cache hit)
378 http cache @astrojs/rss@https://registry.npmjs.org/@astrojs/rss/-/rss-4.0.19.tgz 0ms (cache hit)
379 http cache @astrojs/telemetry@https://registry.npmjs.org/@astrojs/telemetry/-/telemetry-3.3.3.tgz 0ms (cache hit)
380 http cache @astrojs/react@https://registry.npmjs.org/@astrojs/react/-/react-6.0.2.tgz 0ms (cache hit)
381 http cache @astrojs/mdx@https://registry.npmjs.org/@astrojs/mdx/-/mdx-7.0.5.tgz 0ms (cache hit)
382 http cache @astrojs/markdown-satteri@https://registry.npmjs.org/@astrojs/markdown-satteri/-/markdown-satteri-0.3.5.tgz 0ms (cache hit)
383 http cache @astrojs/prism@https://registry.npmjs.org/@astrojs/prism/-/prism-4.0.2.tgz 0ms (cache hit)
384 http cache @astrojs/markdown-remark@https://registry.npmjs.org/@astrojs/markdown-remark/-/markdown-remark-7.2.2.tgz 0ms (cache hit)
385 http cache @astrojs/internal-helpers@https://registry.npmjs.org/@astrojs/internal-helpers/-/internal-helpers-0.10.2.tgz 0ms (cache hit)
386 http cache @astrojs/compiler-binding-darwin-arm64@https://registry.npmjs.org/@astrojs/compiler-binding-darwin-arm64/-/compiler-binding-darwin-arm64-0.3.2.tgz 0ms (cache hit)
387 http cache @astrojs/compiler-binding@https://registry.npmjs.org/@astrojs/compiler-binding/-/compiler-binding-0.3.2.tgz 0ms (cache hit)
388 http cache @astrojs/compiler-rs@https://registry.npmjs.org/@astrojs/compiler-rs/-/compiler-rs-0.3.2.tgz 0ms (cache hit)
389 http cache @types/unist@https://registry.npmjs.org/@types/unist/-/unist-2.0.11.tgz 0ms (cache hit)
390 http cache entities@https://registry.npmjs.org/entities/-/entities-4.5.0.tgz 0ms (cache hit)
391 http cache css-tree@https://registry.npmjs.org/css-tree/-/css-tree-2.2.1.tgz 0ms (cache hit)
392 http cache picomatch@https://registry.npmjs.org/picomatch/-/picomatch-2.3.2.tgz 0ms (cache hit)
393 http cache magic-string@https://registry.npmjs.org/magic-string/-/magic-string-0.30.21.tgz 0ms (cache hit)
394 http cache @rolldown/pluginutils@https://registry.npmjs.org/@rolldown/pluginutils/-/pluginutils-1.0.0-rc.3.tgz 0ms (cache hit)
395 http cache lightningcss-darwin-arm64@https://registry.npmjs.org/lightningcss-darwin-arm64/-/lightningcss-darwin-arm64-1.32.0.tgz 0ms (cache hit)
396 http cache lightningcss@https://registry.npmjs.org/lightningcss/-/lightningcss-1.32.0.tgz 0ms (cache hit)
397 http cache mdn-data@https://registry.npmjs.org/mdn-data/-/mdn-data-2.0.28.tgz 0ms (cache hit)
398 silly tarball no local data for zod@https://registry.npmjs.org/zod/-/zod-4.4.3.tgz. Extracting by manifest.
399 silly tarball no local data for zwitch@https://registry.npmjs.org/zwitch/-/zwitch-2.0.4.tgz. Extracting by manifest.
400 silly tarball no local data for yocto-queue@https://registry.npmjs.org/yocto-queue/-/yocto-queue-1.2.2.tgz. Extracting by manifest.
401 silly tarball no local data for yallist@https://registry.npmjs.org/yallist/-/yallist-3.1.1.tgz. Extracting by manifest.
402 silly tarball no local data for yargs-parser@https://registry.npmjs.org/yargs-parser/-/yargs-parser-22.0.0.tgz. Extracting by manifest.
403 silly tarball no local data for web-namespaces@https://registry.npmjs.org/web-namespaces/-/web-namespaces-2.0.1.tgz. Extracting by manifest.
404 silly tarball no local data for vitefu@https://registry.npmjs.org/vitefu/-/vitefu-1.1.3.tgz. Extracting by manifest.
405 silly tarball no local data for vite@https://registry.npmjs.org/vite/-/vite-8.2.1.tgz. Extracting by manifest.
406 silly tarball no local data for xml-naming@https://registry.npmjs.org/xml-naming/-/xml-naming-0.3.0.tgz. Extracting by manifest.
407 silly tarball no local data for xxhash-wasm@https://registry.npmjs.org/xxhash-wasm/-/xxhash-wasm-1.1.0.tgz. Extracting by manifest.
408 silly tarball no local data for vfile-location@https://registry.npmjs.org/vfile-location/-/vfile-location-5.0.3.tgz. Extracting by manifest.
409 silly tarball no local data for vfile@https://registry.npmjs.org/vfile/-/vfile-6.0.3.tgz. Extracting by manifest.
410 http cache semver@https://registry.npmjs.org/semver/-/semver-6.3.1.tgz 0ms (cache hit)
411 silly tarball no local data for vfile-message@https://registry.npmjs.org/vfile-message/-/vfile-message-4.0.3.tgz. Extracting by manifest.
412 silly tarball no local data for update-browserslist-db@https://registry.npmjs.org/update-browserslist-db/-/update-browserslist-db-1.3.1.tgz. Extracting by manifest.
413 silly tarball no local data for unstorage@https://registry.npmjs.org/unstorage/-/unstorage-1.17.5.tgz. Extracting by manifest.
414 silly tarball no local data for unist-util-visit-parents@https://registry.npmjs.org/unist-util-visit-parents/-/unist-util-visit-parents-6.0.2.tgz. Extracting by manifest.
415 http cache lru-cache@https://registry.npmjs.org/lru-cache/-/lru-cache-5.1.1.tgz 0ms (cache hit)
416 silly tarball no local data for unist-util-visit@https://registry.npmjs.org/unist-util-visit/-/unist-util-visit-5.1.0.tgz. Extracting by manifest.
417 silly tarball no local data for unist-util-visit-children@https://registry.npmjs.org/unist-util-visit-children/-/unist-util-visit-children-3.0.0.tgz. Extracting by manifest.
418 silly tarball no local data for unist-util-stringify-position@https://registry.npmjs.org/unist-util-stringify-position/-/unist-util-stringify-position-4.0.0.tgz. Extracting by manifest.
419 silly tarball no local data for unist-util-remove-position@https://registry.npmjs.org/unist-util-remove-position/-/unist-util-remove-position-5.0.0.tgz. Extracting by manifest.
420 silly tarball no local data for unist-util-position-from-estree@https://registry.npmjs.org/unist-util-position-from-estree/-/unist-util-position-from-estree-2.0.0.tgz. Extracting by manifest.
421 http cache semver@https://registry.npmjs.org/semver/-/semver-6.3.1.tgz 0ms (cache hit)
422 silly tarball no local data for unist-util-position@https://registry.npmjs.org/unist-util-position/-/unist-util-position-5.0.0.tgz. Extracting by manifest.
423 silly tarball no local data for unist-util-find-after@https://registry.npmjs.org/unist-util-find-after/-/unist-util-find-after-5.0.0.tgz. Extracting by manifest.
424 silly tarball no local data for unist-util-is@https://registry.npmjs.org/unist-util-is/-/unist-util-is-6.0.1.tgz. Extracting by manifest.
425 silly tarball no local data for unified@https://registry.npmjs.org/unified/-/unified-11.0.5.tgz. Extracting by manifest.
426 silly tarball no local data for unifont@https://registry.npmjs.org/unifont/-/unifont-0.7.5.tgz. Extracting by manifest.
427 silly tarball no local data for undici-types@https://registry.npmjs.org/undici-types/-/undici-types-7.18.2.tgz. Extracting by manifest.
428 silly tarball no local data for unist-util-modify-children@https://registry.npmjs.org/unist-util-modify-children/-/unist-util-modify-children-4.0.0.tgz. Extracting by manifest.
429 silly tarball no local data for uncrypto@https://registry.npmjs.org/uncrypto/-/uncrypto-0.1.3.tgz. Extracting by manifest.
430 silly tarball no local data for ufo@https://registry.npmjs.org/ufo/-/ufo-1.6.4.tgz. Extracting by manifest.
431 silly tarball no local data for trough@https://registry.npmjs.org/trough/-/trough-2.2.0.tgz. Extracting by manifest.
432 silly tarball no local data for undici@https://registry.npmjs.org/undici/-/undici-8.10.0.tgz. Extracting by manifest.
433 silly tarball no local data for tinyglobby@https://registry.npmjs.org/tinyglobby/-/tinyglobby-0.2.17.tgz. Extracting by manifest.
434 silly tarball no local data for ultrahtml@https://registry.npmjs.org/ultrahtml/-/ultrahtml-1.7.0.tgz. Extracting by manifest.
435 silly tarball no local data for trim-lines@https://registry.npmjs.org/trim-lines/-/trim-lines-3.0.1.tgz. Extracting by manifest.
436 silly tarball no local data for tinyclip@https://registry.npmjs.org/tinyclip/-/tinyclip-0.1.15.tgz. Extracting by manifest.
437 silly tarball no local data for tiny-inflate@https://registry.npmjs.org/tiny-inflate/-/tiny-inflate-1.0.3.tgz. Extracting by manifest.
438 silly tarball no local data for tinyexec@https://registry.npmjs.org/tinyexec/-/tinyexec-1.3.0.tgz. Extracting by manifest.
439 silly tarball no local data for svgo@https://registry.npmjs.org/svgo/-/svgo-4.0.2.tgz. Extracting by manifest.
440 silly tarball no local data for style-to-object@https://registry.npmjs.org/style-to-object/-/style-to-object-1.0.14.tgz. Extracting by manifest.
441 silly tarball no local data for style-to-js@https://registry.npmjs.org/style-to-js/-/style-to-js-1.1.21.tgz. Extracting by manifest.
442 silly tarball no local data for stringify-entities@https://registry.npmjs.org/stringify-entities/-/stringify-entities-4.0.4.tgz. Extracting by manifest.
443 silly tarball no local data for stream-replace-string@https://registry.npmjs.org/stream-replace-string/-/stream-replace-string-2.0.0.tgz. Extracting by manifest.
444 silly tarball no local data for space-separated-tokens@https://registry.npmjs.org/space-separated-tokens/-/space-separated-tokens-2.0.2.tgz. Extracting by manifest.
445 silly tarball no local data for strnum@https://registry.npmjs.org/strnum/-/strnum-2.4.1.tgz. Extracting by manifest.
446 silly tarball no local data for source-map-js@https://registry.npmjs.org/source-map-js/-/source-map-js-1.2.1.tgz. Extracting by manifest.
447 silly tarball no local data for source-map@https://registry.npmjs.org/source-map/-/source-map-0.7.6.tgz. Extracting by manifest.
448 silly tarball no local data for smol-toml@https://registry.npmjs.org/smol-toml/-/smol-toml-1.8.0.tgz. Extracting by manifest.
449 silly tarball no local data for shiki@https://registry.npmjs.org/shiki/-/shiki-4.4.3.tgz. Extracting by manifest.
450 silly tarball no local data for sitemap@https://registry.npmjs.org/sitemap/-/sitemap-9.0.1.tgz. Extracting by manifest.
451 silly tarball no local data for sharp@https://registry.npmjs.org/sharp/-/sharp-0.35.3.tgz. Extracting by manifest.
452 silly tarball no local data for sisteransi@https://registry.npmjs.org/sisteransi/-/sisteransi-1.0.5.tgz. Extracting by manifest.
453 silly tarball no local data for semver@https://registry.npmjs.org/semver/-/semver-7.8.5.tgz. Extracting by manifest.
454 silly tarball no local data for sax@https://registry.npmjs.org/sax/-/sax-1.6.1.tgz. Extracting by manifest.
455 silly tarball no local data for scheduler@https://registry.npmjs.org/scheduler/-/scheduler-0.27.0.tgz. Extracting by manifest.
456 silly tarball no local data for satteri@https://registry.npmjs.org/satteri/-/satteri-0.9.5.tgz. Extracting by manifest.
457 silly tarball no local data for rolldown@https://registry.npmjs.org/rolldown/-/rolldown-1.2.4.tgz. Extracting by manifest.
458 silly tarball no local data for retext-stringify@https://registry.npmjs.org/retext-stringify/-/retext-stringify-4.0.0.tgz. Extracting by manifest.
459 silly tarball no local data for retext-latin@https://registry.npmjs.org/retext-latin/-/retext-latin-4.0.0.tgz. Extracting by manifest.
460 silly tarball no local data for resolve-pkg-maps@https://registry.npmjs.org/resolve-pkg-maps/-/resolve-pkg-maps-1.0.0.tgz. Extracting by manifest.
461 silly tarball no local data for retext-smartypants@https://registry.npmjs.org/retext-smartypants/-/retext-smartypants-6.2.0.tgz. Extracting by manifest.
462 silly tarball no local data for retext@https://registry.npmjs.org/retext/-/retext-9.0.0.tgz. Extracting by manifest.
463 silly tarball no local data for remark-smartypants@https://registry.npmjs.org/remark-smartypants/-/remark-smartypants-3.0.3.tgz. Extracting by manifest.
464 silly tarball no local data for remark-parse@https://registry.npmjs.org/remark-parse/-/remark-parse-11.0.0.tgz. Extracting by manifest.
465 silly tarball no local data for remark-mdx@https://registry.npmjs.org/remark-mdx/-/remark-mdx-3.1.1.tgz. Extracting by manifest.
466 silly tarball no local data for rehype-stringify@https://registry.npmjs.org/rehype-stringify/-/rehype-stringify-10.0.1.tgz. Extracting by manifest.
467 silly tarball no local data for remark-gfm@https://registry.npmjs.org/remark-gfm/-/remark-gfm-4.0.1.tgz. Extracting by manifest.
468 silly tarball no local data for rehype-recma@https://registry.npmjs.org/rehype-recma/-/rehype-recma-1.0.0.tgz. Extracting by manifest.
469 silly tarball no local data for remark-rehype@https://registry.npmjs.org/remark-rehype/-/remark-rehype-11.1.2.tgz. Extracting by manifest.
470 silly tarball no local data for remark-stringify@https://registry.npmjs.org/remark-stringify/-/remark-stringify-11.0.0.tgz. Extracting by manifest.
471 silly tarball no local data for rehype-raw@https://registry.npmjs.org/rehype-raw/-/rehype-raw-7.0.0.tgz. Extracting by manifest.
472 silly tarball no local data for regex-recursion@https://registry.npmjs.org/regex-recursion/-/regex-recursion-6.0.2.tgz. Extracting by manifest.
473 silly tarball no local data for regex-utilities@https://registry.npmjs.org/regex-utilities/-/regex-utilities-2.3.0.tgz. Extracting by manifest.
474 silly tarball no local data for recma-parse@https://registry.npmjs.org/recma-parse/-/recma-parse-1.0.0.tgz. Extracting by manifest.
475 silly tarball no local data for recma-jsx@https://registry.npmjs.org/recma-jsx/-/recma-jsx-1.0.1.tgz. Extracting by manifest.
476 silly tarball no local data for readdirp@https://registry.npmjs.org/readdirp/-/readdirp-5.1.1.tgz. Extracting by manifest.
477 silly tarball no local data for react-refresh@https://registry.npmjs.org/react-refresh/-/react-refresh-0.18.0.tgz. Extracting by manifest.
478 silly tarball no local data for recma-stringify@https://registry.npmjs.org/recma-stringify/-/recma-stringify-1.0.0.tgz. Extracting by manifest.
479 silly tarball no local data for react-dom@https://registry.npmjs.org/react-dom/-/react-dom-19.2.8.tgz. Extracting by manifest.
480 silly tarball no local data for regex@https://registry.npmjs.org/regex/-/regex-6.1.0.tgz. Extracting by manifest.
481 silly tarball no local data for react@https://registry.npmjs.org/react/-/react-19.2.8.tgz. Extracting by manifest.
482 silly tarball no local data for recma-build-jsx@https://registry.npmjs.org/recma-build-jsx/-/recma-build-jsx-1.0.0.tgz. Extracting by manifest.
483 silly tarball no local data for radix3@https://registry.npmjs.org/radix3/-/radix3-1.1.2.tgz. Extracting by manifest.
484 silly tarball no local data for property-information@https://registry.npmjs.org/property-information/-/property-information-7.2.0.tgz. Extracting by manifest.
485 silly tarball no local data for process-ancestry@https://registry.npmjs.org/process-ancestry/-/process-ancestry-0.1.0.tgz. Extracting by manifest.
486 silly tarball no local data for picocolors@https://registry.npmjs.org/picocolors/-/picocolors-1.1.1.tgz. Extracting by manifest.
487 silly tarball no local data for postcss@https://registry.npmjs.org/postcss/-/postcss-8.5.26.tgz. Extracting by manifest.
488 silly tarball no local data for piccolore@https://registry.npmjs.org/piccolore/-/piccolore-0.1.3.tgz. Extracting by manifest.
489 silly tarball no local data for prismjs@https://registry.npmjs.org/prismjs/-/prismjs-1.30.0.tgz. Extracting by manifest.
490 silly tarball no local data for picomatch@https://registry.npmjs.org/picomatch/-/picomatch-4.0.5.tgz. Extracting by manifest.
491 silly tarball no local data for path-expression-matcher@https://registry.npmjs.org/path-expression-matcher/-/path-expression-matcher-1.6.2.tgz. Extracting by manifest.
492 silly tarball no local data for parse-latin@https://registry.npmjs.org/parse-latin/-/parse-latin-7.0.0.tgz. Extracting by manifest.
493 silly tarball no local data for parse-entities@https://registry.npmjs.org/parse-entities/-/parse-entities-4.0.2.tgz. Extracting by manifest.
494 silly tarball no local data for p-limit@https://registry.npmjs.org/p-limit/-/p-limit-7.3.1.tgz. Extracting by manifest.
495 silly tarball no local data for oniguruma-parser@https://registry.npmjs.org/oniguruma-parser/-/oniguruma-parser-0.12.2.tgz. Extracting by manifest.
496 silly tarball no local data for oniguruma-to-es@https://registry.npmjs.org/oniguruma-to-es/-/oniguruma-to-es-4.3.6.tgz. Extracting by manifest.
497 silly tarball no local data for p-queue@https://registry.npmjs.org/p-queue/-/p-queue-9.3.3.tgz. Extracting by manifest.
498 silly tarball no local data for p-timeout@https://registry.npmjs.org/p-timeout/-/p-timeout-7.0.1.tgz. Extracting by manifest.
499 silly tarball no local data for package-manager-detector@https://registry.npmjs.org/package-manager-detector/-/package-manager-detector-1.8.0.tgz. Extracting by manifest.
500 silly tarball no local data for ohash@https://registry.npmjs.org/ohash/-/ohash-2.0.11.tgz. Extracting by manifest.
501 silly tarball no local data for ofetch@https://registry.npmjs.org/ofetch/-/ofetch-1.5.1.tgz. Extracting by manifest.
502 silly tarball no local data for nth-check@https://registry.npmjs.org/nth-check/-/nth-check-2.1.1.tgz. Extracting by manifest.
503 silly tarball no local data for node-releases@https://registry.npmjs.org/node-releases/-/node-releases-2.0.53.tgz. Extracting by manifest.
504 silly tarball no local data for normalize-path@https://registry.npmjs.org/normalize-path/-/normalize-path-3.0.0.tgz. Extracting by manifest.
505 silly tarball no local data for node-mock-http@https://registry.npmjs.org/node-mock-http/-/node-mock-http-1.0.5.tgz. Extracting by manifest.
506 silly tarball no local data for nlcst-to-string@https://registry.npmjs.org/nlcst-to-string/-/nlcst-to-string-4.0.0.tgz. Extracting by manifest.
507 silly tarball no local data for parse5@https://registry.npmjs.org/parse5/-/parse5-7.3.0.tgz. Extracting by manifest.
508 silly tarball no local data for nanoid@https://registry.npmjs.org/nanoid/-/nanoid-3.3.18.tgz. Extracting by manifest.
509 silly tarball no local data for obug@https://registry.npmjs.org/obug/-/obug-2.1.4.tgz. Extracting by manifest.
510 silly tarball no local data for node-fetch-native@https://registry.npmjs.org/node-fetch-native/-/node-fetch-native-1.6.7.tgz. Extracting by manifest.
511 silly tarball no local data for neotraverse@https://registry.npmjs.org/neotraverse/-/neotraverse-1.0.1.tgz. Extracting by manifest.
512 silly tarball no local data for mrmime@https://registry.npmjs.org/mrmime/-/mrmime-2.0.1.tgz. Extracting by manifest.
513 silly tarball no local data for micromark-util-symbol@https://registry.npmjs.org/micromark-util-symbol/-/micromark-util-symbol-2.0.1.tgz. Extracting by manifest.
514 silly tarball no local data for micromark-util-subtokenize@https://registry.npmjs.org/micromark-util-subtokenize/-/micromark-util-subtokenize-2.1.0.tgz. Extracting by manifest.
515 silly tarball no local data for ms@https://registry.npmjs.org/ms/-/ms-2.1.3.tgz. Extracting by manifest.
516 silly tarball no local data for micromark-util-types@https://registry.npmjs.org/micromark-util-types/-/micromark-util-types-2.0.2.tgz. Extracting by manifest.
517 silly tarball no local data for micromark-util-resolve-all@https://registry.npmjs.org/micromark-util-resolve-all/-/micromark-util-resolve-all-2.0.1.tgz. Extracting by manifest.
518 silly tarball no local data for micromark-util-sanitize-uri@https://registry.npmjs.org/micromark-util-sanitize-uri/-/micromark-util-sanitize-uri-2.0.1.tgz. Extracting by manifest.
519 silly tarball no local data for micromark-util-html-tag-name@https://registry.npmjs.org/micromark-util-html-tag-name/-/micromark-util-html-tag-name-2.0.1.tgz. Extracting by manifest.
520 silly tarball no local data for micromark-util-events-to-acorn@https://registry.npmjs.org/micromark-util-events-to-acorn/-/micromark-util-events-to-acorn-2.0.3.tgz. Extracting by manifest.
521 silly tarball no local data for micromark-util-normalize-identifier@https://registry.npmjs.org/micromark-util-normalize-identifier/-/micromark-util-normalize-identifier-2.0.1.tgz. Extracting by manifest.
522 silly tarball no local data for micromark-util-encode@https://registry.npmjs.org/micromark-util-encode/-/micromark-util-encode-2.0.1.tgz. Extracting by manifest.
523 silly tarball no local data for micromark-util-decode-numeric-character-reference@https://registry.npmjs.org/micromark-util-decode-numeric-character-reference/-/micromark-util-decode-numeric-character-reference-2.0.2.tgz. Extracting by manifest.
524 silly tarball no local data for micromark-util-combine-extensions@https://registry.npmjs.org/micromark-util-combine-extensions/-/micromark-util-combine-extensions-2.0.1.tgz. Extracting by manifest.
525 silly tarball no local data for micromark-util-character@https://registry.npmjs.org/micromark-util-character/-/micromark-util-character-2.1.1.tgz. Extracting by manifest.
526 silly tarball no local data for micromark-util-decode-string@https://registry.npmjs.org/micromark-util-decode-string/-/micromark-util-decode-string-2.0.1.tgz. Extracting by manifest.
527 silly tarball no local data for micromark-util-classify-character@https://registry.npmjs.org/micromark-util-classify-character/-/micromark-util-classify-character-2.0.1.tgz. Extracting by manifest.
528 silly tarball no local data for micromark-util-chunked@https://registry.npmjs.org/micromark-util-chunked/-/micromark-util-chunked-2.0.1.tgz. Extracting by manifest.
529 silly tarball no local data for micromark-factory-title@https://registry.npmjs.org/micromark-factory-title/-/micromark-factory-title-2.0.1.tgz. Extracting by manifest.
530 silly tarball no local data for micromark-factory-whitespace@https://registry.npmjs.org/micromark-factory-whitespace/-/micromark-factory-whitespace-2.0.1.tgz. Extracting by manifest.
531 silly tarball no local data for micromark-factory-space@https://registry.npmjs.org/micromark-factory-space/-/micromark-factory-space-2.0.1.tgz. Extracting by manifest.
532 silly tarball no local data for micromark-factory-mdx-expression@https://registry.npmjs.org/micromark-factory-mdx-expression/-/micromark-factory-mdx-expression-2.0.3.tgz. Extracting by manifest.
533 silly tarball no local data for micromark-factory-label@https://registry.npmjs.org/micromark-factory-label/-/micromark-factory-label-2.0.1.tgz. Extracting by manifest.
534 silly tarball no local data for micromark-factory-destination@https://registry.npmjs.org/micromark-factory-destination/-/micromark-factory-destination-2.0.1.tgz. Extracting by manifest.
535 silly tarball no local data for micromark-extension-mdxjs-esm@https://registry.npmjs.org/micromark-extension-mdxjs-esm/-/micromark-extension-mdxjs-esm-3.0.0.tgz. Extracting by manifest.
536 silly tarball no local data for micromark-extension-mdx-md@https://registry.npmjs.org/micromark-extension-mdx-md/-/micromark-extension-mdx-md-2.0.0.tgz. Extracting by manifest.
537 silly tarball no local data for micromark-extension-gfm-task-list-item@https://registry.npmjs.org/micromark-extension-gfm-task-list-item/-/micromark-extension-gfm-task-list-item-2.1.0.tgz. Extracting by manifest.
538 silly tarball no local data for micromark-extension-mdx-jsx@https://registry.npmjs.org/micromark-extension-mdx-jsx/-/micromark-extension-mdx-jsx-3.0.2.tgz. Extracting by manifest.
539 silly tarball no local data for micromark-extension-gfm-table@https://registry.npmjs.org/micromark-extension-gfm-table/-/micromark-extension-gfm-table-2.1.1.tgz. Extracting by manifest.
540 silly tarball no local data for micromark-extension-mdxjs@https://registry.npmjs.org/micromark-extension-mdxjs/-/micromark-extension-mdxjs-3.0.0.tgz. Extracting by manifest.
541 silly tarball no local data for micromark-extension-gfm-strikethrough@https://registry.npmjs.org/micromark-extension-gfm-strikethrough/-/micromark-extension-gfm-strikethrough-2.1.0.tgz. Extracting by manifest.
542 silly tarball no local data for micromark-extension-gfm-tagfilter@https://registry.npmjs.org/micromark-extension-gfm-tagfilter/-/micromark-extension-gfm-tagfilter-2.0.0.tgz. Extracting by manifest.
543 silly tarball no local data for micromark-extension-gfm-footnote@https://registry.npmjs.org/micromark-extension-gfm-footnote/-/micromark-extension-gfm-footnote-2.1.0.tgz. Extracting by manifest.
544 silly tarball no local data for micromark-extension-gfm-autolink-literal@https://registry.npmjs.org/micromark-extension-gfm-autolink-literal/-/micromark-extension-gfm-autolink-literal-2.1.0.tgz. Extracting by manifest.
545 silly tarball no local data for micromark-extension-gfm@https://registry.npmjs.org/micromark-extension-gfm/-/micromark-extension-gfm-3.0.0.tgz. Extracting by manifest.
546 silly tarball no local data for micromark-core-commonmark@https://registry.npmjs.org/micromark-core-commonmark/-/micromark-core-commonmark-2.0.3.tgz. Extracting by manifest.
547 silly tarball no local data for micromark@https://registry.npmjs.org/micromark/-/micromark-4.0.2.tgz. Extracting by manifest.
548 silly tarball no local data for mdast-util-to-string@https://registry.npmjs.org/mdast-util-to-string/-/mdast-util-to-string-4.0.0.tgz. Extracting by manifest.
549 silly tarball no local data for mdn-data@https://registry.npmjs.org/mdn-data/-/mdn-data-2.27.1.tgz. Extracting by manifest.
550 silly tarball no local data for mdast-util-to-hast@https://registry.npmjs.org/mdast-util-to-hast/-/mdast-util-to-hast-13.2.1.tgz. Extracting by manifest.
551 silly tarball no local data for micromark-extension-mdx-expression@https://registry.npmjs.org/micromark-extension-mdx-expression/-/micromark-extension-mdx-expression-3.0.1.tgz. Extracting by manifest.
552 silly tarball no local data for mdast-util-to-markdown@https://registry.npmjs.org/mdast-util-to-markdown/-/mdast-util-to-markdown-2.1.2.tgz. Extracting by manifest.
553 silly tarball no local data for mdast-util-mdxjs-esm@https://registry.npmjs.org/mdast-util-mdxjs-esm/-/mdast-util-mdxjs-esm-2.0.1.tgz. Extracting by manifest.
554 silly tarball no local data for mdast-util-phrasing@https://registry.npmjs.org/mdast-util-phrasing/-/mdast-util-phrasing-4.1.0.tgz. Extracting by manifest.
555 silly tarball no local data for mdast-util-mdx-expression@https://registry.npmjs.org/mdast-util-mdx-expression/-/mdast-util-mdx-expression-2.0.1.tgz. Extracting by manifest.
556 silly tarball no local data for mdast-util-gfm-task-list-item@https://registry.npmjs.org/mdast-util-gfm-task-list-item/-/mdast-util-gfm-task-list-item-2.0.0.tgz. Extracting by manifest.
557 silly tarball no local data for mdast-util-mdx-jsx@https://registry.npmjs.org/mdast-util-mdx-jsx/-/mdast-util-mdx-jsx-3.2.0.tgz. Extracting by manifest.
558 silly tarball no local data for mdast-util-gfm-table@https://registry.npmjs.org/mdast-util-gfm-table/-/mdast-util-gfm-table-2.0.0.tgz. Extracting by manifest.
559 silly tarball no local data for mdast-util-gfm-strikethrough@https://registry.npmjs.org/mdast-util-gfm-strikethrough/-/mdast-util-gfm-strikethrough-2.0.0.tgz. Extracting by manifest.
560 silly tarball no local data for mdast-util-gfm-autolink-literal@https://registry.npmjs.org/mdast-util-gfm-autolink-literal/-/mdast-util-gfm-autolink-literal-2.0.1.tgz. Extracting by manifest.
561 silly tarball no local data for mdast-util-gfm@https://registry.npmjs.org/mdast-util-gfm/-/mdast-util-gfm-3.1.0.tgz. Extracting by manifest.
562 silly tarball no local data for mdast-util-mdx@https://registry.npmjs.org/mdast-util-mdx/-/mdast-util-mdx-3.0.0.tgz. Extracting by manifest.
563 silly tarball no local data for mdast-util-from-markdown@https://registry.npmjs.org/mdast-util-from-markdown/-/mdast-util-from-markdown-2.0.3.tgz. Extracting by manifest.
564 silly tarball no local data for mdast-util-definitions@https://registry.npmjs.org/mdast-util-definitions/-/mdast-util-definitions-6.0.0.tgz. Extracting by manifest.
565 silly tarball no local data for mdast-util-gfm-footnote@https://registry.npmjs.org/mdast-util-gfm-footnote/-/mdast-util-gfm-footnote-2.1.0.tgz. Extracting by manifest.
566 silly tarball no local data for mdast-util-find-and-replace@https://registry.npmjs.org/mdast-util-find-and-replace/-/mdast-util-find-and-replace-3.0.2.tgz. Extracting by manifest.
567 silly tarball no local data for markdown-extensions@https://registry.npmjs.org/markdown-extensions/-/markdown-extensions-2.0.0.tgz. Extracting by manifest.
568 silly tarball no local data for magicast@https://registry.npmjs.org/magicast/-/magicast-0.5.4.tgz. Extracting by manifest.
569 silly tarball no local data for magic-string@https://registry.npmjs.org/magic-string/-/magic-string-1.2.0.tgz. Extracting by manifest.
570 silly tarball no local data for lru-cache@https://registry.npmjs.org/lru-cache/-/lru-cache-11.5.2.tgz. Extracting by manifest.
571 silly tarball no local data for longest-streak@https://registry.npmjs.org/longest-streak/-/longest-streak-3.1.0.tgz. Extracting by manifest.
572 silly tarball no local data for markdown-table@https://registry.npmjs.org/markdown-table/-/markdown-table-3.0.4.tgz. Extracting by manifest.
573 silly tarball no local data for lightningcss-darwin-arm64@https://registry.npmjs.org/lightningcss-darwin-arm64/-/lightningcss-darwin-arm64-1.33.0.tgz. Extracting by manifest.
574 silly tarball no local data for json5@https://registry.npmjs.org/json5/-/json5-2.2.3.tgz. Extracting by manifest.
575 silly tarball no local data for jsonc-parser@https://registry.npmjs.org/jsonc-parser/-/jsonc-parser-3.3.1.tgz. Extracting by manifest.
576 silly tarball no local data for jsesc@https://registry.npmjs.org/jsesc/-/jsesc-3.1.0.tgz. Extracting by manifest.
577 silly tarball no local data for lightningcss@https://registry.npmjs.org/lightningcss/-/lightningcss-1.33.0.tgz. Extracting by manifest.
578 silly tarball no local data for js-tokens@https://registry.npmjs.org/js-tokens/-/js-tokens-4.0.0.tgz. Extracting by manifest.
579 silly tarball no local data for is-unsafe@https://registry.npmjs.org/is-unsafe/-/is-unsafe-2.0.0.tgz. Extracting by manifest.
580 silly tarball no local data for js-yaml@https://registry.npmjs.org/js-yaml/-/js-yaml-4.3.1.tgz. Extracting by manifest.
581 silly tarball no local data for is-docker@https://registry.npmjs.org/is-docker/-/is-docker-4.0.0.tgz. Extracting by manifest.
582 silly tarball no local data for is-plain-obj@https://registry.npmjs.org/is-plain-obj/-/is-plain-obj-4.1.0.tgz. Extracting by manifest.
583 silly tarball no local data for is-hexadecimal@https://registry.npmjs.org/is-hexadecimal/-/is-hexadecimal-2.0.1.tgz. Extracting by manifest.
584 silly tarball no local data for is-alphabetical@https://registry.npmjs.org/is-alphabetical/-/is-alphabetical-2.0.1.tgz. Extracting by manifest.
585 silly tarball no local data for iron-webcrypto@https://registry.npmjs.org/iron-webcrypto/-/iron-webcrypto-1.2.1.tgz. Extracting by manifest.
586 silly tarball no local data for is-alphanumerical@https://registry.npmjs.org/is-alphanumerical/-/is-alphanumerical-2.0.1.tgz. Extracting by manifest.
587 silly tarball no local data for is-decimal@https://registry.npmjs.org/is-decimal/-/is-decimal-2.0.1.tgz. Extracting by manifest.
588 silly tarball no local data for inline-style-parser@https://registry.npmjs.org/inline-style-parser/-/inline-style-parser-0.2.7.tgz. Extracting by manifest.
589 silly tarball no local data for http-cache-semantics@https://registry.npmjs.org/http-cache-semantics/-/http-cache-semantics-4.2.0.tgz. Extracting by manifest.
590 silly tarball no local data for html-escaper@https://registry.npmjs.org/html-escaper/-/html-escaper-3.0.3.tgz. Extracting by manifest.
591 silly tarball no local data for hastscript@https://registry.npmjs.org/hastscript/-/hastscript-9.0.1.tgz. Extracting by manifest.
592 silly tarball no local data for hast-util-whitespace@https://registry.npmjs.org/hast-util-whitespace/-/hast-util-whitespace-3.0.0.tgz. Extracting by manifest.
593 silly tarball no local data for html-void-elements@https://registry.npmjs.org/html-void-elements/-/html-void-elements-3.0.0.tgz. Extracting by manifest.
594 silly tarball no local data for hast-util-to-text@https://registry.npmjs.org/hast-util-to-text/-/hast-util-to-text-4.0.2.tgz. Extracting by manifest.
595 silly tarball no local data for hast-util-to-parse5@https://registry.npmjs.org/hast-util-to-parse5/-/hast-util-to-parse5-8.0.1.tgz. Extracting by manifest.
596 silly tarball no local data for hast-util-to-jsx-runtime@https://registry.npmjs.org/hast-util-to-jsx-runtime/-/hast-util-to-jsx-runtime-2.3.6.tgz. Extracting by manifest.
597 silly tarball no local data for hast-util-raw@https://registry.npmjs.org/hast-util-raw/-/hast-util-raw-9.1.0.tgz. Extracting by manifest.
598 silly tarball no local data for hast-util-to-estree@https://registry.npmjs.org/hast-util-to-estree/-/hast-util-to-estree-3.1.3.tgz. Extracting by manifest.
599 silly tarball no local data for hast-util-parse-selector@https://registry.npmjs.org/hast-util-parse-selector/-/hast-util-parse-selector-4.0.0.tgz. Extracting by manifest.
600 silly tarball no local data for hast-util-is-element@https://registry.npmjs.org/hast-util-is-element/-/hast-util-is-element-3.0.0.tgz. Extracting by manifest.
601 silly tarball no local data for hast-util-from-html@https://registry.npmjs.org/hast-util-from-html/-/hast-util-from-html-2.0.3.tgz. Extracting by manifest.
602 silly tarball no local data for hast-util-from-parse5@https://registry.npmjs.org/hast-util-from-parse5/-/hast-util-from-parse5-8.0.3.tgz. Extracting by manifest.
603 silly tarball no local data for github-slugger@https://registry.npmjs.org/github-slugger/-/github-slugger-2.0.0.tgz. Extracting by manifest.
604 silly tarball no local data for hast-util-to-html@https://registry.npmjs.org/hast-util-to-html/-/hast-util-to-html-9.0.5.tgz. Extracting by manifest.
605 silly tarball no local data for fsevents@https://registry.npmjs.org/fsevents/-/fsevents-2.3.3.tgz. Extracting by manifest.
606 silly tarball no local data for get-tsconfig@https://registry.npmjs.org/get-tsconfig/-/get-tsconfig-5.0.0-beta.4.tgz. Extracting by manifest.
607 silly tarball no local data for fontkitten@https://registry.npmjs.org/fontkitten/-/fontkitten-1.0.3.tgz. Extracting by manifest.
608 silly tarball no local data for gensync@https://registry.npmjs.org/gensync/-/gensync-1.0.0-beta.2.tgz. Extracting by manifest.
609 silly tarball no local data for fontace@https://registry.npmjs.org/fontace/-/fontace-0.4.1.tgz. Extracting by manifest.
610 silly tarball no local data for flattie@https://registry.npmjs.org/flattie/-/flattie-1.1.1.tgz. Extracting by manifest.
611 silly tarball no local data for fdir@https://registry.npmjs.org/fdir/-/fdir-6.5.0.tgz. Extracting by manifest.
612 silly tarball no local data for fast-xml-parser@https://registry.npmjs.org/fast-xml-parser/-/fast-xml-parser-5.10.1.tgz. Extracting by manifest.
613 silly tarball no local data for h3@https://registry.npmjs.org/h3/-/h3-1.15.11.tgz. Extracting by manifest.
614 silly tarball no local data for fast-xml-builder@https://registry.npmjs.org/fast-xml-builder/-/fast-xml-builder-1.3.0.tgz. Extracting by manifest.
615 silly tarball no local data for fast-wrap-ansi@https://registry.npmjs.org/fast-wrap-ansi/-/fast-wrap-ansi-0.2.2.tgz. Extracting by manifest.
616 silly tarball no local data for fast-string-width@https://registry.npmjs.org/fast-string-width/-/fast-string-width-3.0.2.tgz. Extracting by manifest.
617 silly tarball no local data for fast-string-truncated-width@https://registry.npmjs.org/fast-string-truncated-width/-/fast-string-truncated-width-3.0.3.tgz. Extracting by manifest.
618 silly tarball no local data for extend@https://registry.npmjs.org/extend/-/extend-3.0.2.tgz. Extracting by manifest.
619 silly tarball no local data for eventemitter3@https://registry.npmjs.org/eventemitter3/-/eventemitter3-5.0.4.tgz. Extracting by manifest.
620 silly tarball no local data for estree-util-to-js@https://registry.npmjs.org/estree-util-to-js/-/estree-util-to-js-2.0.0.tgz. Extracting by manifest.
621 silly tarball no local data for estree-walker@https://registry.npmjs.org/estree-walker/-/estree-walker-3.0.3.tgz. Extracting by manifest.
622 silly tarball no local data for estree-util-scope@https://registry.npmjs.org/estree-util-scope/-/estree-util-scope-1.0.0.tgz. Extracting by manifest.
623 silly tarball no local data for estree-util-is-identifier-name@https://registry.npmjs.org/estree-util-is-identifier-name/-/estree-util-is-identifier-name-3.0.0.tgz. Extracting by manifest.
624 silly tarball no local data for estree-util-visit@https://registry.npmjs.org/estree-util-visit/-/estree-util-visit-2.0.0.tgz. Extracting by manifest.
625 silly tarball no local data for estree-util-attach-comments@https://registry.npmjs.org/estree-util-attach-comments/-/estree-util-attach-comments-3.0.0.tgz. Extracting by manifest.
626 silly tarball no local data for escape-string-regexp@https://registry.npmjs.org/escape-string-regexp/-/escape-string-regexp-5.0.0.tgz. Extracting by manifest.
627 silly tarball no local data for estree-util-build-jsx@https://registry.npmjs.org/estree-util-build-jsx/-/estree-util-build-jsx-3.0.1.tgz. Extracting by manifest.
628 silly tarball no local data for escalade@https://registry.npmjs.org/escalade/-/escalade-3.2.0.tgz. Extracting by manifest.
629 silly tarball no local data for esast-util-from-js@https://registry.npmjs.org/esast-util-from-js/-/esast-util-from-js-2.0.1.tgz. Extracting by manifest.
630 silly tarball no local data for esbuild@https://registry.npmjs.org/esbuild/-/esbuild-0.28.2.tgz. Extracting by manifest.
631 silly tarball no local data for entities@https://registry.npmjs.org/entities/-/entities-6.0.1.tgz. Extracting by manifest.
632 silly tarball no local data for esast-util-from-estree@https://registry.npmjs.org/esast-util-from-estree/-/esast-util-from-estree-2.0.0.tgz. Extracting by manifest.
633 silly tarball no local data for electron-to-chromium@https://registry.npmjs.org/electron-to-chromium/-/electron-to-chromium-1.5.405.tgz. Extracting by manifest.
634 silly tarball no local data for es-module-lexer@https://registry.npmjs.org/es-module-lexer/-/es-module-lexer-2.3.1.tgz. Extracting by manifest.
635 silly tarball no local data for domutils@https://registry.npmjs.org/domutils/-/domutils-3.2.2.tgz. Extracting by manifest.
636 silly tarball no local data for dset@https://registry.npmjs.org/dset/-/dset-3.1.4.tgz. Extracting by manifest.
637 silly tarball no local data for domhandler@https://registry.npmjs.org/domhandler/-/domhandler-5.0.3.tgz. Extracting by manifest.
638 silly tarball no local data for domelementtype@https://registry.npmjs.org/domelementtype/-/domelementtype-2.3.0.tgz. Extracting by manifest.
639 silly tarball no local data for diff@https://registry.npmjs.org/diff/-/diff-8.0.4.tgz. Extracting by manifest.
640 silly tarball no local data for dom-serializer@https://registry.npmjs.org/dom-serializer/-/dom-serializer-2.0.0.tgz. Extracting by manifest.
641 silly tarball no local data for devlop@https://registry.npmjs.org/devlop/-/devlop-1.1.0.tgz. Extracting by manifest.
642 silly tarball no local data for devalue@https://registry.npmjs.org/devalue/-/devalue-5.9.0.tgz. Extracting by manifest.
643 silly tarball no local data for detect-libc@https://registry.npmjs.org/detect-libc/-/detect-libc-2.1.2.tgz. Extracting by manifest.
644 silly tarball no local data for dequal@https://registry.npmjs.org/dequal/-/dequal-2.0.3.tgz. Extracting by manifest.
645 silly tarball no local data for destr@https://registry.npmjs.org/destr/-/destr-2.0.5.tgz. Extracting by manifest.
646 silly tarball no local data for defu@https://registry.npmjs.org/defu/-/defu-6.1.7.tgz. Extracting by manifest.
647 silly tarball no local data for decode-named-character-reference@https://registry.npmjs.org/decode-named-character-reference/-/decode-named-character-reference-1.3.0.tgz. Extracting by manifest.
648 silly tarball no local data for csstype@https://registry.npmjs.org/csstype/-/csstype-3.2.3.tgz. Extracting by manifest.
649 silly tarball no local data for debug@https://registry.npmjs.org/debug/-/debug-4.4.3.tgz. Extracting by manifest.
650 silly tarball no local data for css-what@https://registry.npmjs.org/css-what/-/css-what-6.2.2.tgz. Extracting by manifest.
651 silly tarball no local data for csso@https://registry.npmjs.org/csso/-/csso-5.0.5.tgz. Extracting by manifest.
652 silly tarball no local data for css-select@https://registry.npmjs.org/css-select/-/css-select-5.2.2.tgz. Extracting by manifest.
653 silly tarball no local data for css-tree@https://registry.npmjs.org/css-tree/-/css-tree-3.2.1.tgz. Extracting by manifest.
654 silly tarball no local data for crossws@https://registry.npmjs.org/crossws/-/crossws-0.3.5.tgz. Extracting by manifest.
655 silly tarball no local data for cookie-es@https://registry.npmjs.org/cookie-es/-/cookie-es-1.2.3.tgz. Extracting by manifest.
656 silly tarball no local data for convert-source-map@https://registry.npmjs.org/convert-source-map/-/convert-source-map-2.0.0.tgz. Extracting by manifest.
657 silly tarball no local data for cookie@https://registry.npmjs.org/cookie/-/cookie-2.0.1.tgz. Extracting by manifest.
658 silly tarball no local data for common-ancestor-path@https://registry.npmjs.org/common-ancestor-path/-/common-ancestor-path-2.0.0.tgz. Extracting by manifest.
659 silly tarball no local data for commander@https://registry.npmjs.org/commander/-/commander-11.1.0.tgz. Extracting by manifest.
660 silly tarball no local data for collapse-white-space@https://registry.npmjs.org/collapse-white-space/-/collapse-white-space-2.1.0.tgz. Extracting by manifest.
661 silly tarball no local data for clsx@https://registry.npmjs.org/clsx/-/clsx-2.1.1.tgz. Extracting by manifest.
662 silly tarball no local data for comma-separated-tokens@https://registry.npmjs.org/comma-separated-tokens/-/comma-separated-tokens-2.0.3.tgz. Extracting by manifest.
663 silly tarball no local data for character-reference-invalid@https://registry.npmjs.org/character-reference-invalid/-/character-reference-invalid-2.0.1.tgz. Extracting by manifest.
664 silly tarball no local data for ci-info@https://registry.npmjs.org/ci-info/-/ci-info-4.4.0.tgz. Extracting by manifest.
665 silly tarball no local data for chokidar@https://registry.npmjs.org/chokidar/-/chokidar-5.0.0.tgz. Extracting by manifest.
666 silly tarball no local data for character-entities-html4@https://registry.npmjs.org/character-entities-html4/-/character-entities-html4-2.1.0.tgz. Extracting by manifest.
667 silly tarball no local data for character-entities@https://registry.npmjs.org/character-entities/-/character-entities-2.0.2.tgz. Extracting by manifest.
668 silly tarball no local data for ccount@https://registry.npmjs.org/ccount/-/ccount-2.0.1.tgz. Extracting by manifest.
669 silly tarball no local data for boolbase@https://registry.npmjs.org/boolbase/-/boolbase-1.0.0.tgz. Extracting by manifest.
670 silly tarball no local data for caniuse-lite@https://registry.npmjs.org/caniuse-lite/-/caniuse-lite-1.0.30001809.tgz. Extracting by manifest.
671 silly tarball no local data for browserslist@https://registry.npmjs.org/browserslist/-/browserslist-4.28.8.tgz. Extracting by manifest.
672 silly tarball no local data for baseline-browser-mapping@https://registry.npmjs.org/baseline-browser-mapping/-/baseline-browser-mapping-2.11.14.tgz. Extracting by manifest.
673 silly tarball no local data for character-entities-legacy@https://registry.npmjs.org/character-entities-legacy/-/character-entities-legacy-3.0.0.tgz. Extracting by manifest.
674 silly tarball no local data for bail@https://registry.npmjs.org/bail/-/bail-2.0.2.tgz. Extracting by manifest.
675 silly tarball no local data for axobject-query@https://registry.npmjs.org/axobject-query/-/axobject-query-4.1.0.tgz. Extracting by manifest.
676 silly tarball no local data for astring@https://registry.npmjs.org/astring/-/astring-1.9.0.tgz. Extracting by manifest.
677 silly tarball no local data for aria-query@https://registry.npmjs.org/aria-query/-/aria-query-5.3.2.tgz. Extracting by manifest.
678 silly tarball no local data for array-iterate@https://registry.npmjs.org/array-iterate/-/array-iterate-2.0.1.tgz. Extracting by manifest.
679 silly tarball no local data for astro@https://registry.npmjs.org/astro/-/astro-7.2.1.tgz. Extracting by manifest.
680 silly tarball no local data for anynum@https://registry.npmjs.org/anynum/-/anynum-1.0.1.tgz. Extracting by manifest.
681 silly tarball no local data for argparse@https://registry.npmjs.org/argparse/-/argparse-2.0.1.tgz. Extracting by manifest.
682 silly tarball no local data for anymatch@https://registry.npmjs.org/anymatch/-/anymatch-3.1.3.tgz. Extracting by manifest.
683 silly tarball no local data for am-i-vibing@https://registry.npmjs.org/am-i-vibing/-/am-i-vibing-0.4.0.tgz. Extracting by manifest.
684 silly tarball no local data for acorn@https://registry.npmjs.org/acorn/-/acorn-8.18.0.tgz. Extracting by manifest.
685 silly tarball no local data for acorn-jsx@https://registry.npmjs.org/acorn-jsx/-/acorn-jsx-5.3.2.tgz. Extracting by manifest.
686 silly tarball no local data for arg@https://registry.npmjs.org/arg/-/arg-5.0.2.tgz. Extracting by manifest.
687 silly tarball no local data for @ungap/structured-clone@https://registry.npmjs.org/@ungap/structured-clone/-/structured-clone-1.3.3.tgz. Extracting by manifest.
688 silly tarball no local data for @vitejs/plugin-react@https://registry.npmjs.org/@vitejs/plugin-react/-/plugin-react-5.2.0.tgz. Extracting by manifest.
689 silly tarball no local data for @types/unist@https://registry.npmjs.org/@types/unist/-/unist-3.0.3.tgz. Extracting by manifest.
690 silly tarball no local data for @types/react-dom@https://registry.npmjs.org/@types/react-dom/-/react-dom-19.2.4.tgz. Extracting by manifest.
691 silly tarball no local data for @types/react@https://registry.npmjs.org/@types/react/-/react-19.2.18.tgz. Extracting by manifest.
692 silly tarball no local data for @types/node@https://registry.npmjs.org/@types/node/-/node-24.13.3.tgz. Extracting by manifest.
693 silly tarball no local data for @types/sax@https://registry.npmjs.org/@types/sax/-/sax-1.2.7.tgz. Extracting by manifest.
694 silly tarball no local data for @types/nlcst@https://registry.npmjs.org/@types/nlcst/-/nlcst-2.0.3.tgz. Extracting by manifest.
695 silly tarball no local data for @types/mdx@https://registry.npmjs.org/@types/mdx/-/mdx-2.0.14.tgz. Extracting by manifest.
696 silly tarball no local data for @types/ms@https://registry.npmjs.org/@types/ms/-/ms-2.1.0.tgz. Extracting by manifest.
697 silly tarball no local data for @types/mdast@https://registry.npmjs.org/@types/mdast/-/mdast-4.0.4.tgz. Extracting by manifest.
698 silly tarball no local data for @types/estree-jsx@https://registry.npmjs.org/@types/estree-jsx/-/estree-jsx-1.0.5.tgz. Extracting by manifest.
699 silly tarball no local data for @types/hast@https://registry.npmjs.org/@types/hast/-/hast-3.0.5.tgz. Extracting by manifest.
700 silly tarball no local data for @types/estree@https://registry.npmjs.org/@types/estree/-/estree-1.0.9.tgz. Extracting by manifest.
701 silly tarball no local data for @types/debug@https://registry.npmjs.org/@types/debug/-/debug-4.1.13.tgz. Extracting by manifest.
702 silly tarball no local data for @types/babel__generator@https://registry.npmjs.org/@types/babel__generator/-/babel__generator-7.27.0.tgz. Extracting by manifest.
703 silly tarball no local data for @types/babel__template@https://registry.npmjs.org/@types/babel__template/-/babel__template-7.4.4.tgz. Extracting by manifest.
704 silly tarball no local data for @types/babel__traverse@https://registry.npmjs.org/@types/babel__traverse/-/babel__traverse-7.28.0.tgz. Extracting by manifest.
705 silly tarball no local data for @types/babel__core@https://registry.npmjs.org/@types/babel__core/-/babel__core-7.20.5.tgz. Extracting by manifest.
706 silly tarball no local data for @shikijs/vscode-textmate@https://registry.npmjs.org/@shikijs/vscode-textmate/-/vscode-textmate-10.0.2.tgz. Extracting by manifest.
707 silly tarball no local data for @shikijs/types@https://registry.npmjs.org/@shikijs/types/-/types-4.4.3.tgz. Extracting by manifest.
708 silly tarball no local data for @shikijs/themes@https://registry.npmjs.org/@shikijs/themes/-/themes-4.4.3.tgz. Extracting by manifest.
709 silly tarball no local data for @shikijs/engine-javascript@https://registry.npmjs.org/@shikijs/engine-javascript/-/engine-javascript-4.4.3.tgz. Extracting by manifest.
710 silly tarball no local data for @shikijs/engine-oniguruma@https://registry.npmjs.org/@shikijs/engine-oniguruma/-/engine-oniguruma-4.4.3.tgz. Extracting by manifest.
711 silly tarball no local data for @rolldown/pluginutils@https://registry.npmjs.org/@rolldown/pluginutils/-/pluginutils-1.0.1.tgz. Extracting by manifest.
712 silly tarball no local data for @shikijs/primitive@https://registry.npmjs.org/@shikijs/primitive/-/primitive-4.4.3.tgz. Extracting by manifest.
713 silly tarball no local data for @shikijs/langs@https://registry.npmjs.org/@shikijs/langs/-/langs-4.4.3.tgz. Extracting by manifest.
714 silly tarball no local data for @oxc-project/types@https://registry.npmjs.org/@oxc-project/types/-/types-0.144.0.tgz. Extracting by manifest.
715 silly tarball no local data for @oslojs/encoding@https://registry.npmjs.org/@oslojs/encoding/-/encoding-1.1.0.tgz. Extracting by manifest.
716 silly tarball no local data for @shikijs/core@https://registry.npmjs.org/@shikijs/core/-/core-4.4.3.tgz. Extracting by manifest.
717 silly tarball no local data for @nodable/entities@https://registry.npmjs.org/@nodable/entities/-/entities-3.0.0.tgz. Extracting by manifest.
718 silly tarball no local data for @jridgewell/trace-mapping@https://registry.npmjs.org/@jridgewell/trace-mapping/-/trace-mapping-0.3.31.tgz. Extracting by manifest.
719 silly tarball no local data for @mdx-js/mdx@https://registry.npmjs.org/@mdx-js/mdx/-/mdx-3.1.1.tgz. Extracting by manifest.
720 silly tarball no local data for @jridgewell/sourcemap-codec@https://registry.npmjs.org/@jridgewell/sourcemap-codec/-/sourcemap-codec-1.5.5.tgz. Extracting by manifest.
721 silly tarball no local data for @jridgewell/remapping@https://registry.npmjs.org/@jridgewell/remapping/-/remapping-2.3.5.tgz. Extracting by manifest.
722 silly tarball no local data for @jridgewell/resolve-uri@https://registry.npmjs.org/@jridgewell/resolve-uri/-/resolve-uri-3.1.2.tgz. Extracting by manifest.
723 silly tarball no local data for @rolldown/binding-darwin-arm64@https://registry.npmjs.org/@rolldown/binding-darwin-arm64/-/binding-darwin-arm64-1.2.4.tgz. Extracting by manifest.
724 silly tarball no local data for @img/sharp-darwin-arm64@https://registry.npmjs.org/@img/sharp-darwin-arm64/-/sharp-darwin-arm64-0.35.3.tgz. Extracting by manifest.
725 silly tarball no local data for @img/sharp-libvips-darwin-arm64@https://registry.npmjs.org/@img/sharp-libvips-darwin-arm64/-/sharp-libvips-darwin-arm64-1.3.2.tgz. Extracting by manifest.
726 silly tarball no local data for @img/colour@https://registry.npmjs.org/@img/colour/-/colour-1.1.0.tgz. Extracting by manifest.
727 silly tarball no local data for @jridgewell/gen-mapping@https://registry.npmjs.org/@jridgewell/gen-mapping/-/gen-mapping-0.3.13.tgz. Extracting by manifest.
728 silly tarball no local data for @clack/prompts@https://registry.npmjs.org/@clack/prompts/-/prompts-1.7.0.tgz. Extracting by manifest.
729 silly tarball no local data for @clack/core@https://registry.npmjs.org/@clack/core/-/core-1.4.3.tgz. Extracting by manifest.
730 silly tarball no local data for @esbuild/darwin-arm64@https://registry.npmjs.org/@esbuild/darwin-arm64/-/darwin-arm64-0.28.2.tgz. Extracting by manifest.
731 silly tarball no local data for @capsizecss/unpack@https://registry.npmjs.org/@capsizecss/unpack/-/unpack-4.0.1.tgz. Extracting by manifest.
732 silly tarball no local data for @bruits/satteri-darwin-arm64@https://registry.npmjs.org/@bruits/satteri-darwin-arm64/-/satteri-darwin-arm64-0.9.5.tgz. Extracting by manifest.
733 silly tarball no local data for @babel/types@https://registry.npmjs.org/@babel/types/-/types-7.29.8.tgz. Extracting by manifest.
734 silly tarball no local data for @babel/traverse@https://registry.npmjs.org/@babel/traverse/-/traverse-7.29.8.tgz. Extracting by manifest.
735 silly tarball no local data for @babel/template@https://registry.npmjs.org/@babel/template/-/template-7.29.7.tgz. Extracting by manifest.
736 silly tarball no local data for @babel/plugin-transform-react-jsx-source@https://registry.npmjs.org/@babel/plugin-transform-react-jsx-source/-/plugin-transform-react-jsx-source-7.29.7.tgz. Extracting by manifest.
737 silly tarball no local data for @babel/plugin-transform-react-jsx-self@https://registry.npmjs.org/@babel/plugin-transform-react-jsx-self/-/plugin-transform-react-jsx-self-7.29.7.tgz. Extracting by manifest.
738 silly tarball no local data for @babel/parser@https://registry.npmjs.org/@babel/parser/-/parser-7.29.8.tgz. Extracting by manifest.
739 silly tarball no local data for @babel/helpers@https://registry.npmjs.org/@babel/helpers/-/helpers-7.29.7.tgz. Extracting by manifest.
740 silly tarball no local data for @babel/helper-string-parser@https://registry.npmjs.org/@babel/helper-string-parser/-/helper-string-parser-7.29.7.tgz. Extracting by manifest.
741 silly tarball no local data for @babel/helper-validator-option@https://registry.npmjs.org/@babel/helper-validator-option/-/helper-validator-option-7.29.7.tgz. Extracting by manifest.
742 silly tarball no local data for @babel/helper-validator-identifier@https://registry.npmjs.org/@babel/helper-validator-identifier/-/helper-validator-identifier-7.29.7.tgz. Extracting by manifest.
743 silly tarball no local data for @babel/helper-plugin-utils@https://registry.npmjs.org/@babel/helper-plugin-utils/-/helper-plugin-utils-7.29.7.tgz. Extracting by manifest.
744 silly tarball no local data for @babel/helper-module-imports@https://registry.npmjs.org/@babel/helper-module-imports/-/helper-module-imports-7.29.7.tgz. Extracting by manifest.
745 silly tarball no local data for @babel/helper-module-transforms@https://registry.npmjs.org/@babel/helper-module-transforms/-/helper-module-transforms-7.29.7.tgz. Extracting by manifest.
746 silly tarball no local data for @babel/helper-globals@https://registry.npmjs.org/@babel/helper-globals/-/helper-globals-7.29.7.tgz. Extracting by manifest.
747 silly tarball no local data for @babel/helper-compilation-targets@https://registry.npmjs.org/@babel/helper-compilation-targets/-/helper-compilation-targets-7.29.7.tgz. Extracting by manifest.
748 silly tarball no local data for @babel/generator@https://registry.npmjs.org/@babel/generator/-/generator-7.29.8.tgz. Extracting by manifest.
749 silly tarball no local data for @babel/core@https://registry.npmjs.org/@babel/core/-/core-7.29.7.tgz. Extracting by manifest.
750 silly tarball no local data for @babel/compat-data@https://registry.npmjs.org/@babel/compat-data/-/compat-data-7.29.7.tgz. Extracting by manifest.
751 silly tarball no local data for @babel/code-frame@https://registry.npmjs.org/@babel/code-frame/-/code-frame-7.29.7.tgz. Extracting by manifest.
752 silly tarball no local data for @astrojs/sitemap@https://registry.npmjs.org/@astrojs/sitemap/-/sitemap-3.7.3.tgz. Extracting by manifest.
753 silly tarball no local data for @astrojs/rss@https://registry.npmjs.org/@astrojs/rss/-/rss-4.0.19.tgz. Extracting by manifest.
754 silly tarball no local data for @astrojs/telemetry@https://registry.npmjs.org/@astrojs/telemetry/-/telemetry-3.3.3.tgz. Extracting by manifest.
755 silly tarball no local data for @astrojs/react@https://registry.npmjs.org/@astrojs/react/-/react-6.0.2.tgz. Extracting by manifest.
756 silly tarball no local data for @astrojs/mdx@https://registry.npmjs.org/@astrojs/mdx/-/mdx-7.0.5.tgz. Extracting by manifest.
757 silly tarball no local data for @astrojs/markdown-satteri@https://registry.npmjs.org/@astrojs/markdown-satteri/-/markdown-satteri-0.3.5.tgz. Extracting by manifest.
758 silly tarball no local data for @astrojs/prism@https://registry.npmjs.org/@astrojs/prism/-/prism-4.0.2.tgz. Extracting by manifest.
759 silly tarball no local data for @astrojs/markdown-remark@https://registry.npmjs.org/@astrojs/markdown-remark/-/markdown-remark-7.2.2.tgz. Extracting by manifest.
760 silly tarball no local data for @astrojs/internal-helpers@https://registry.npmjs.org/@astrojs/internal-helpers/-/internal-helpers-0.10.2.tgz. Extracting by manifest.
761 silly tarball no local data for @astrojs/compiler-binding-darwin-arm64@https://registry.npmjs.org/@astrojs/compiler-binding-darwin-arm64/-/compiler-binding-darwin-arm64-0.3.2.tgz. Extracting by manifest.
762 silly tarball no local data for @astrojs/compiler-binding@https://registry.npmjs.org/@astrojs/compiler-binding/-/compiler-binding-0.3.2.tgz. Extracting by manifest.
763 silly tarball no local data for @astrojs/compiler-rs@https://registry.npmjs.org/@astrojs/compiler-rs/-/compiler-rs-0.3.2.tgz. Extracting by manifest.
764 silly tarball no local data for @types/unist@https://registry.npmjs.org/@types/unist/-/unist-2.0.11.tgz. Extracting by manifest.
765 silly tarball no local data for entities@https://registry.npmjs.org/entities/-/entities-4.5.0.tgz. Extracting by manifest.
766 silly tarball no local data for css-tree@https://registry.npmjs.org/css-tree/-/css-tree-2.2.1.tgz. Extracting by manifest.
767 silly tarball no local data for picomatch@https://registry.npmjs.org/picomatch/-/picomatch-2.3.2.tgz. Extracting by manifest.
768 silly tarball no local data for @rolldown/pluginutils@https://registry.npmjs.org/@rolldown/pluginutils/-/pluginutils-1.0.0-rc.3.tgz. Extracting by manifest.
769 silly tarball no local data for mdn-data@https://registry.npmjs.org/mdn-data/-/mdn-data-2.0.28.tgz. Extracting by manifest.
770 silly tarball no local data for semver@https://registry.npmjs.org/semver/-/semver-6.3.1.tgz. Extracting by manifest.
771 silly tarball no local data for lru-cache@https://registry.npmjs.org/lru-cache/-/lru-cache-5.1.1.tgz. Extracting by manifest.
772 silly tarball no local data for semver@https://registry.npmjs.org/semver/-/semver-6.3.1.tgz. Extracting by manifest.
773 http fetch GET 200 https://registry.npmjs.org/npm 502ms
774 http fetch GET 200 https://registry.npmjs.org/update-browserslist-db/-/update-browserslist-db-1.3.1.tgz 282ms (cache miss)
775 http fetch GET 200 https://registry.npmjs.org/yallist/-/yallist-3.1.1.tgz 328ms (cache miss)
776 http fetch GET 200 https://registry.npmjs.org/yocto-queue/-/yocto-queue-1.2.2.tgz 328ms (cache miss)
777 http fetch GET 200 https://registry.npmjs.org/vfile/-/vfile-6.0.3.tgz 337ms (cache miss)
778 http fetch GET 200 https://registry.npmjs.org/unist-util-visit-parents/-/unist-util-visit-parents-6.0.2.tgz 337ms (cache miss)
779 http fetch GET 200 https://registry.npmjs.org/vfile-message/-/vfile-message-4.0.3.tgz 356ms (cache miss)
780 http fetch GET 200 https://registry.npmjs.org/vfile-location/-/vfile-location-5.0.3.tgz 358ms (cache miss)
781 http fetch GET 200 https://registry.npmjs.org/xml-naming/-/xml-naming-0.3.0.tgz 362ms (cache miss)
782 http fetch GET 200 https://registry.npmjs.org/web-namespaces/-/web-namespaces-2.0.1.tgz 365ms (cache miss)
783 http fetch GET 200 https://registry.npmjs.org/unist-util-visit-children/-/unist-util-visit-children-3.0.0.tgz 362ms (cache miss)
784 http fetch GET 200 https://registry.npmjs.org/vitefu/-/vitefu-1.1.3.tgz 370ms (cache miss)
785 http fetch GET 200 https://registry.npmjs.org/yargs-parser/-/yargs-parser-22.0.0.tgz 378ms (cache miss)
786 http fetch GET 200 https://registry.npmjs.org/unist-util-stringify-position/-/unist-util-stringify-position-4.0.0.tgz 389ms (cache miss)
787 http fetch GET 200 https://registry.npmjs.org/zwitch/-/zwitch-2.0.4.tgz 394ms (cache miss)
788 http fetch GET 200 https://registry.npmjs.org/unist-util-remove-position/-/unist-util-remove-position-5.0.0.tgz 391ms (cache miss)
789 http fetch GET 200 https://registry.npmjs.org/unist-util-visit/-/unist-util-visit-5.1.0.tgz 392ms (cache miss)
790 http fetch GET 200 https://registry.npmjs.org/unist-util-position/-/unist-util-position-5.0.0.tgz 400ms (cache miss)
791 http fetch GET 200 https://registry.npmjs.org/unstorage/-/unstorage-1.17.5.tgz 403ms (cache miss)
792 http fetch GET 200 https://registry.npmjs.org/xxhash-wasm/-/xxhash-wasm-1.1.0.tgz 405ms (cache miss)
793 http fetch GET 200 https://registry.npmjs.org/unist-util-is/-/unist-util-is-6.0.1.tgz 403ms (cache miss)
794 http fetch GET 200 https://registry.npmjs.org/unist-util-find-after/-/unist-util-find-after-5.0.0.tgz 409ms (cache miss)
795 http fetch GET 200 https://registry.npmjs.org/unifont/-/unifont-0.7.5.tgz 421ms (cache miss)
796 http fetch GET 200 https://registry.npmjs.org/undici-types/-/undici-types-7.18.2.tgz 429ms (cache miss)
797 http fetch GET 200 https://registry.npmjs.org/trough/-/trough-2.2.0.tgz 448ms (cache miss)
798 http fetch GET 200 https://registry.npmjs.org/tinyglobby/-/tinyglobby-0.2.17.tgz 448ms (cache miss)
799 http fetch GET 200 https://registry.npmjs.org/unified/-/unified-11.0.5.tgz 451ms (cache miss)
800 http fetch GET 200 https://registry.npmjs.org/unist-util-position-from-estree/-/unist-util-position-from-estree-2.0.0.tgz 453ms (cache miss)
801 http fetch POST 200 https://registry.npmjs.org/-/npm/v1/security/advisories/bulk 600ms
802 silly audit report {}
803 http fetch GET 200 https://registry.npmjs.org/unist-util-modify-children/-/unist-util-modify-children-4.0.0.tgz 498ms (cache miss)
804 http fetch GET 200 https://registry.npmjs.org/uncrypto/-/uncrypto-0.1.3.tgz 498ms (cache miss)
805 http fetch GET 200 https://registry.npmjs.org/tiny-inflate/-/tiny-inflate-1.0.3.tgz 497ms (cache miss)
806 http fetch GET 200 https://registry.npmjs.org/trim-lines/-/trim-lines-3.0.1.tgz 498ms (cache miss)
807 http fetch GET 200 https://registry.npmjs.org/tinyclip/-/tinyclip-0.1.15.tgz 503ms (cache miss)
808 http fetch GET 200 https://registry.npmjs.org/ultrahtml/-/ultrahtml-1.7.0.tgz 503ms (cache miss)
809 http fetch GET 200 https://registry.npmjs.org/vite/-/vite-8.2.1.tgz 511ms (cache miss)
810 http fetch GET 200 https://registry.npmjs.org/tinyexec/-/tinyexec-1.3.0.tgz 507ms (cache miss)
811 http fetch GET 200 https://registry.npmjs.org/ufo/-/ufo-1.6.4.tgz 509ms (cache miss)
812 http fetch GET 200 https://registry.npmjs.org/style-to-object/-/style-to-object-1.0.14.tgz 513ms (cache miss)
813 http fetch GET 200 https://registry.npmjs.org/stringify-entities/-/stringify-entities-4.0.4.tgz 523ms (cache miss)
814 http fetch GET 200 https://registry.npmjs.org/strnum/-/strnum-2.4.1.tgz 533ms (cache miss)
815 http fetch GET 200 https://registry.npmjs.org/space-separated-tokens/-/space-separated-tokens-2.0.2.tgz 542ms (cache miss)
816 http fetch GET 200 https://registry.npmjs.org/source-map-js/-/source-map-js-1.2.1.tgz 549ms (cache miss)
817 http fetch GET 200 https://registry.npmjs.org/style-to-js/-/style-to-js-1.1.21.tgz 550ms (cache miss)
818 http fetch GET 200 https://registry.npmjs.org/stream-replace-string/-/stream-replace-string-2.0.0.tgz 557ms (cache miss)
819 http fetch GET 200 https://registry.npmjs.org/sax/-/sax-1.6.1.tgz 556ms (cache miss)
820 http fetch GET 200 https://registry.npmjs.org/scheduler/-/scheduler-0.27.0.tgz 566ms (cache miss)
821 http fetch GET 200 https://registry.npmjs.org/smol-toml/-/smol-toml-1.8.0.tgz 578ms (cache miss)
822 http fetch GET 200 https://registry.npmjs.org/source-map/-/source-map-0.7.6.tgz 582ms (cache miss)
823 http fetch GET 200 https://registry.npmjs.org/retext-stringify/-/retext-stringify-4.0.0.tgz 584ms (cache miss)
824 http fetch GET 200 https://registry.npmjs.org/retext-latin/-/retext-latin-4.0.0.tgz 583ms (cache miss)
825 http fetch GET 200 https://registry.npmjs.org/resolve-pkg-maps/-/resolve-pkg-maps-1.0.0.tgz 585ms (cache miss)
826 http fetch GET 200 https://registry.npmjs.org/retext-smartypants/-/retext-smartypants-6.2.0.tgz 593ms (cache miss)
827 http fetch GET 200 https://registry.npmjs.org/sisteransi/-/sisteransi-1.0.5.tgz 597ms (cache miss)
828 http fetch GET 200 https://registry.npmjs.org/remark-mdx/-/remark-mdx-3.1.1.tgz 597ms (cache miss)
829 http fetch GET 200 https://registry.npmjs.org/remark-smartypants/-/remark-smartypants-3.0.3.tgz 603ms (cache miss)
830 http fetch GET 200 https://registry.npmjs.org/rehype-recma/-/rehype-recma-1.0.0.tgz 605ms (cache miss)
831 http fetch GET 200 https://registry.npmjs.org/remark-rehype/-/remark-rehype-11.1.2.tgz 610ms (cache miss)
832 http fetch GET 200 https://registry.npmjs.org/retext/-/retext-9.0.0.tgz 614ms (cache miss)
833 http fetch GET 200 https://registry.npmjs.org/rehype-stringify/-/rehype-stringify-10.0.1.tgz 621ms (cache miss)
834 http fetch GET 200 https://registry.npmjs.org/remark-parse/-/remark-parse-11.0.0.tgz 633ms (cache miss)
835 http fetch GET 200 https://registry.npmjs.org/regex-utilities/-/regex-utilities-2.3.0.tgz 634ms (cache miss)
836 http fetch GET 200 https://registry.npmjs.org/rehype-raw/-/rehype-raw-7.0.0.tgz 634ms (cache miss)
837 http fetch GET 200 https://registry.npmjs.org/remark-gfm/-/remark-gfm-4.0.1.tgz 638ms (cache miss)
838 http fetch GET 200 https://registry.npmjs.org/regex-recursion/-/regex-recursion-6.0.2.tgz 639ms (cache miss)
839 http fetch GET 200 https://registry.npmjs.org/semver/-/semver-7.8.5.tgz 647ms (cache miss)
840 http fetch GET 200 https://registry.npmjs.org/react-refresh/-/react-refresh-0.18.0.tgz 644ms (cache miss)
841 http fetch GET 200 https://registry.npmjs.org/remark-stringify/-/remark-stringify-11.0.0.tgz 645ms (cache miss)
842 http fetch GET 200 https://registry.npmjs.org/sharp/-/sharp-0.35.3.tgz 658ms (cache miss)
843 http fetch GET 200 https://registry.npmjs.org/recma-jsx/-/recma-jsx-1.0.1.tgz 652ms (cache miss)
844 http fetch GET 200 https://registry.npmjs.org/recma-parse/-/recma-parse-1.0.0.tgz 665ms (cache miss)
845 http fetch GET 200 https://registry.npmjs.org/readdirp/-/readdirp-5.1.1.tgz 673ms (cache miss)
846 http fetch GET 200 https://registry.npmjs.org/react/-/react-19.2.8.tgz 674ms (cache miss)
847 http fetch GET 200 https://registry.npmjs.org/recma-stringify/-/recma-stringify-1.0.0.tgz 681ms (cache miss)
848 http fetch GET 200 https://registry.npmjs.org/radix3/-/radix3-1.1.2.tgz 681ms (cache miss)
849 http fetch GET 200 https://registry.npmjs.org/recma-build-jsx/-/recma-build-jsx-1.0.0.tgz 681ms (cache miss)
850 http fetch GET 200 https://registry.npmjs.org/satteri/-/satteri-0.9.5.tgz 702ms (cache miss)
851 http fetch GET 200 https://registry.npmjs.org/rolldown/-/rolldown-1.2.4.tgz 716ms (cache miss)
852 http fetch GET 200 https://registry.npmjs.org/picocolors/-/picocolors-1.1.1.tgz 713ms (cache miss)
853 http fetch GET 200 https://registry.npmjs.org/picomatch/-/picomatch-4.0.5.tgz 724ms (cache miss)
854 http fetch GET 200 https://registry.npmjs.org/process-ancestry/-/process-ancestry-0.1.0.tgz 725ms (cache miss)
855 http fetch GET 200 https://registry.npmjs.org/piccolore/-/piccolore-0.1.3.tgz 726ms (cache miss)
856 http fetch GET 200 https://registry.npmjs.org/sitemap/-/sitemap-9.0.1.tgz 741ms (cache miss)
857 http fetch GET 200 https://registry.npmjs.org/path-expression-matcher/-/path-expression-matcher-1.6.2.tgz 738ms (cache miss)
858 http fetch GET 200 https://registry.npmjs.org/postcss/-/postcss-8.5.26.tgz 750ms (cache miss)
859 http fetch GET 200 https://registry.npmjs.org/p-limit/-/p-limit-7.3.1.tgz 751ms (cache miss)
860 http fetch GET 200 https://registry.npmjs.org/regex/-/regex-6.1.0.tgz 757ms (cache miss)
861 http fetch GET 200 https://registry.npmjs.org/property-information/-/property-information-7.2.0.tgz 761ms (cache miss)
862 http fetch GET 200 https://registry.npmjs.org/svgo/-/svgo-4.0.2.tgz 801ms (cache miss)
863 http fetch GET 200 https://registry.npmjs.org/p-timeout/-/p-timeout-7.0.1.tgz 789ms (cache miss)
864 http fetch GET 200 https://registry.npmjs.org/p-queue/-/p-queue-9.3.3.tgz 794ms (cache miss)
865 http fetch GET 200 https://registry.npmjs.org/parse-entities/-/parse-entities-4.0.2.tgz 795ms (cache miss)
866 http fetch GET 200 https://registry.npmjs.org/normalize-path/-/normalize-path-3.0.0.tgz 793ms (cache miss)
867 http fetch GET 200 https://registry.npmjs.org/node-releases/-/node-releases-2.0.53.tgz 794ms (cache miss)
868 http fetch GET 200 https://registry.npmjs.org/package-manager-detector/-/package-manager-detector-1.8.0.tgz 805ms (cache miss)
869 http fetch GET 200 https://registry.npmjs.org/ohash/-/ohash-2.0.11.tgz 824ms (cache miss)
870 http fetch GET 200 https://registry.npmjs.org/mrmime/-/mrmime-2.0.1.tgz 823ms (cache miss)
871 http fetch GET 200 https://registry.npmjs.org/micromark-util-types/-/micromark-util-types-2.0.2.tgz 824ms (cache miss)
872 http fetch GET 200 https://registry.npmjs.org/ms/-/ms-2.1.3.tgz 826ms (cache miss)
873 http fetch GET 200 https://registry.npmjs.org/nanoid/-/nanoid-3.3.18.tgz 831ms (cache miss)
874 http fetch GET 200 https://registry.npmjs.org/ofetch/-/ofetch-1.5.1.tgz 839ms (cache miss)
875 http fetch GET 200 https://registry.npmjs.org/micromark-util-html-tag-name/-/micromark-util-html-tag-name-2.0.1.tgz 836ms (cache miss)
876 http fetch GET 200 https://registry.npmjs.org/micromark-util-subtokenize/-/micromark-util-subtokenize-2.1.0.tgz 839ms (cache miss)
877 http fetch GET 200 https://registry.npmjs.org/micromark-util-sanitize-uri/-/micromark-util-sanitize-uri-2.0.1.tgz 841ms (cache miss)
878 http fetch GET 200 https://registry.npmjs.org/micromark-util-resolve-all/-/micromark-util-resolve-all-2.0.1.tgz 843ms (cache miss)
879 http fetch GET 200 https://registry.npmjs.org/nlcst-to-string/-/nlcst-to-string-4.0.0.tgz 849ms (cache miss)
880 http fetch GET 200 https://registry.npmjs.org/nth-check/-/nth-check-2.1.1.tgz 850ms (cache miss)
881 http fetch GET 200 https://registry.npmjs.org/micromark-util-symbol/-/micromark-util-symbol-2.0.1.tgz 852ms (cache miss)
882 http fetch GET 200 https://registry.npmjs.org/oniguruma-to-es/-/oniguruma-to-es-4.3.6.tgz 857ms (cache miss)
883 http fetch GET 200 https://registry.npmjs.org/micromark-util-normalize-identifier/-/micromark-util-normalize-identifier-2.0.1.tgz 863ms (cache miss)
884 http fetch GET 200 https://registry.npmjs.org/micromark-util-decode-numeric-character-reference/-/micromark-util-decode-numeric-character-reference-2.0.2.tgz 864ms (cache miss)
885 http fetch GET 200 https://registry.npmjs.org/micromark-util-encode/-/micromark-util-encode-2.0.1.tgz 865ms (cache miss)
886 http fetch GET 200 https://registry.npmjs.org/micromark-util-combine-extensions/-/micromark-util-combine-extensions-2.0.1.tgz 867ms (cache miss)
887 http fetch GET 200 https://registry.npmjs.org/obug/-/obug-2.1.4.tgz 872ms (cache miss)
888 http fetch GET 200 https://registry.npmjs.org/undici/-/undici-8.10.0.tgz 889ms (cache miss)
889 http fetch GET 200 https://registry.npmjs.org/micromark-util-chunked/-/micromark-util-chunked-2.0.1.tgz 872ms (cache miss)
890 http fetch GET 200 https://registry.npmjs.org/node-mock-http/-/node-mock-http-1.0.5.tgz 879ms (cache miss)
891 http fetch GET 200 https://registry.npmjs.org/parse-latin/-/parse-latin-7.0.0.tgz 886ms (cache miss)
892 http fetch GET 200 https://registry.npmjs.org/micromark-util-events-to-acorn/-/micromark-util-events-to-acorn-2.0.3.tgz 883ms (cache miss)
893 http fetch GET 200 https://registry.npmjs.org/micromark-util-character/-/micromark-util-character-2.1.1.tgz 883ms (cache miss)
894 http fetch GET 200 https://registry.npmjs.org/node-fetch-native/-/node-fetch-native-1.6.7.tgz 893ms (cache miss)
895 http fetch GET 200 https://registry.npmjs.org/micromark-factory-title/-/micromark-factory-title-2.0.1.tgz 890ms (cache miss)
896 http fetch GET 200 https://registry.npmjs.org/micromark-factory-whitespace/-/micromark-factory-whitespace-2.0.1.tgz 892ms (cache miss)
897 http fetch GET 200 https://registry.npmjs.org/micromark-util-classify-character/-/micromark-util-classify-character-2.0.1.tgz 900ms (cache miss)
898 http fetch GET 200 https://registry.npmjs.org/neotraverse/-/neotraverse-1.0.1.tgz 906ms (cache miss)
899 http fetch GET 200 https://registry.npmjs.org/micromark-factory-label/-/micromark-factory-label-2.0.1.tgz 901ms (cache miss)
900 http fetch GET 200 https://registry.npmjs.org/micromark-util-decode-string/-/micromark-util-decode-string-2.0.1.tgz 906ms (cache miss)
901 http fetch GET 200 https://registry.npmjs.org/micromark-factory-space/-/micromark-factory-space-2.0.1.tgz 909ms (cache miss)
902 http fetch GET 200 https://registry.npmjs.org/micromark-extension-mdx-md/-/micromark-extension-mdx-md-2.0.0.tgz 911ms (cache miss)
903 http fetch GET 200 https://registry.npmjs.org/micromark-extension-mdxjs-esm/-/micromark-extension-mdxjs-esm-3.0.0.tgz 913ms (cache miss)
904 http fetch GET 200 https://registry.npmjs.org/micromark-extension-mdxjs/-/micromark-extension-mdxjs-3.0.0.tgz 921ms (cache miss)
905 http fetch GET 200 https://registry.npmjs.org/react-dom/-/react-dom-19.2.8.tgz 937ms (cache miss)
906 http fetch GET 200 https://registry.npmjs.org/micromark-extension-gfm/-/micromark-extension-gfm-3.0.0.tgz 945ms (cache miss)
907 http fetch GET 200 https://registry.npmjs.org/micromark-extension-gfm-task-list-item/-/micromark-extension-gfm-task-list-item-2.1.0.tgz 951ms (cache miss)
908 http fetch GET 200 https://registry.npmjs.org/micromark-factory-mdx-expression/-/micromark-factory-mdx-expression-2.0.3.tgz 954ms (cache miss)
909 http fetch GET 200 https://registry.npmjs.org/micromark-extension-gfm-tagfilter/-/micromark-extension-gfm-tagfilter-2.0.0.tgz 953ms (cache miss)
910 http fetch GET 200 https://registry.npmjs.org/mdast-util-to-string/-/mdast-util-to-string-4.0.0.tgz 955ms (cache miss)
911 http fetch GET 200 https://registry.npmjs.org/micromark-extension-mdx-expression/-/micromark-extension-mdx-expression-3.0.1.tgz 968ms (cache miss)
912 http fetch GET 200 https://registry.npmjs.org/mdast-util-gfm-task-list-item/-/mdast-util-gfm-task-list-item-2.0.0.tgz 969ms (cache miss)
913 http fetch GET 200 https://registry.npmjs.org/micromark-factory-destination/-/micromark-factory-destination-2.0.1.tgz 973ms (cache miss)
914 http fetch GET 200 https://registry.npmjs.org/mdast-util-mdx-expression/-/mdast-util-mdx-expression-2.0.1.tgz 971ms (cache miss)
915 http fetch GET 200 https://registry.npmjs.org/micromark-extension-gfm-strikethrough/-/micromark-extension-gfm-strikethrough-2.1.0.tgz 975ms (cache miss)
916 http fetch GET 200 https://registry.npmjs.org/micromark-extension-gfm-autolink-literal/-/micromark-extension-gfm-autolink-literal-2.1.0.tgz 982ms (cache miss)
917 http fetch GET 200 https://registry.npmjs.org/mdast-util-gfm-table/-/mdast-util-gfm-table-2.0.0.tgz 985ms (cache miss)
918 http fetch GET 200 https://registry.npmjs.org/micromark-extension-gfm-footnote/-/micromark-extension-gfm-footnote-2.1.0.tgz 991ms (cache miss)
919 http fetch GET 200 https://registry.npmjs.org/mdast-util-gfm/-/mdast-util-gfm-3.1.0.tgz 1006ms (cache miss)
920 http fetch GET 200 https://registry.npmjs.org/mdast-util-mdxjs-esm/-/mdast-util-mdxjs-esm-2.0.1.tgz 1010ms (cache miss)
921 http fetch GET 200 https://registry.npmjs.org/mdast-util-mdx/-/mdast-util-mdx-3.0.0.tgz 1009ms (cache miss)
922 http fetch GET 200 https://registry.npmjs.org/mdast-util-mdx-jsx/-/mdast-util-mdx-jsx-3.2.0.tgz 1013ms (cache miss)
923 http fetch GET 200 https://registry.npmjs.org/mdast-util-gfm-strikethrough/-/mdast-util-gfm-strikethrough-2.0.0.tgz 1017ms (cache miss)
924 http fetch GET 200 https://registry.npmjs.org/mdast-util-phrasing/-/mdast-util-phrasing-4.1.0.tgz 1019ms (cache miss)
925 http fetch GET 200 https://registry.npmjs.org/mdast-util-gfm-autolink-literal/-/mdast-util-gfm-autolink-literal-2.0.1.tgz 1018ms (cache miss)
926 http fetch GET 200 https://registry.npmjs.org/mdast-util-find-and-replace/-/mdast-util-find-and-replace-3.0.2.tgz 1023ms (cache miss)
927 http fetch GET 200 https://registry.npmjs.org/mdast-util-definitions/-/mdast-util-definitions-6.0.0.tgz 1030ms (cache miss)
928 http fetch GET 200 https://registry.npmjs.org/markdown-extensions/-/markdown-extensions-2.0.0.tgz 1031ms (cache miss)
929 http fetch GET 200 https://registry.npmjs.org/mdast-util-gfm-footnote/-/mdast-util-gfm-footnote-2.1.0.tgz 1031ms (cache miss)
930 http fetch GET 200 https://registry.npmjs.org/magic-string/-/magic-string-1.2.0.tgz 1036ms (cache miss)
931 http fetch GET 200 https://registry.npmjs.org/longest-streak/-/longest-streak-3.1.0.tgz 1036ms (cache miss)
932 http fetch GET 200 https://registry.npmjs.org/micromark-extension-mdx-jsx/-/micromark-extension-mdx-jsx-3.0.2.tgz 1047ms (cache miss)
933 http fetch GET 200 https://registry.npmjs.org/markdown-table/-/markdown-table-3.0.4.tgz 1042ms (cache miss)
934 http fetch GET 200 https://registry.npmjs.org/js-tokens/-/js-tokens-4.0.0.tgz 1043ms (cache miss)
935 http fetch GET 200 https://registry.npmjs.org/jsesc/-/jsesc-3.1.0.tgz 1043ms (cache miss)
936 http fetch GET 200 https://registry.npmjs.org/micromark-extension-gfm-table/-/micromark-extension-gfm-table-2.1.1.tgz 1053ms (cache miss)
937 http fetch GET 200 https://registry.npmjs.org/is-docker/-/is-docker-4.0.0.tgz 1059ms (cache miss)
938 http fetch GET 200 https://registry.npmjs.org/is-plain-obj/-/is-plain-obj-4.1.0.tgz 1058ms (cache miss)
939 http fetch GET 200 https://registry.npmjs.org/mdn-data/-/mdn-data-2.27.1.tgz 1072ms (cache miss)
940 http fetch GET 200 https://registry.npmjs.org/mdast-util-from-markdown/-/mdast-util-from-markdown-2.0.3.tgz 1072ms (cache miss)
941 http fetch GET 200 https://registry.npmjs.org/is-hexadecimal/-/is-hexadecimal-2.0.1.tgz 1063ms (cache miss)
942 http fetch GET 200 https://registry.npmjs.org/is-unsafe/-/is-unsafe-2.0.0.tgz 1071ms (cache miss)
943 http fetch GET 200 https://registry.npmjs.org/iron-webcrypto/-/iron-webcrypto-1.2.1.tgz 1070ms (cache miss)
944 http fetch GET 200 https://registry.npmjs.org/lightningcss/-/lightningcss-1.33.0.tgz 1082ms (cache miss)
945 http fetch GET 200 https://registry.npmjs.org/json5/-/json5-2.2.3.tgz 1084ms (cache miss)
946 http fetch GET 200 https://registry.npmjs.org/is-alphabetical/-/is-alphabetical-2.0.1.tgz 1086ms (cache miss)
947 http fetch GET 200 https://registry.npmjs.org/http-cache-semantics/-/http-cache-semantics-4.2.0.tgz 1085ms (cache miss)
948 http fetch GET 200 https://registry.npmjs.org/html-escaper/-/html-escaper-3.0.3.tgz 1086ms (cache miss)
949 http fetch GET 200 https://registry.npmjs.org/is-decimal/-/is-decimal-2.0.1.tgz 1087ms (cache miss)
950 http fetch GET 200 https://registry.npmjs.org/is-alphanumerical/-/is-alphanumerical-2.0.1.tgz 1088ms (cache miss)
951 http fetch GET 200 https://registry.npmjs.org/jsonc-parser/-/jsonc-parser-3.3.1.tgz 1107ms (cache miss)
952 http fetch GET 200 https://registry.npmjs.org/hastscript/-/hastscript-9.0.1.tgz 1099ms (cache miss)
953 http fetch GET 200 https://registry.npmjs.org/hast-util-whitespace/-/hast-util-whitespace-3.0.0.tgz 1100ms (cache miss)
954 http fetch GET 200 https://registry.npmjs.org/hast-util-to-text/-/hast-util-to-text-4.0.2.tgz 1100ms (cache miss)
955 http fetch GET 200 https://registry.npmjs.org/hast-util-to-parse5/-/hast-util-to-parse5-8.0.1.tgz 1101ms (cache miss)
956 http fetch GET 200 https://registry.npmjs.org/html-void-elements/-/html-void-elements-3.0.0.tgz 1104ms (cache miss)
957 http fetch GET 200 https://registry.npmjs.org/hast-util-to-jsx-runtime/-/hast-util-to-jsx-runtime-2.3.6.tgz 1109ms (cache miss)
958 http fetch GET 200 https://registry.npmjs.org/parse5/-/parse5-7.3.0.tgz 1134ms (cache miss)
959 http fetch GET 200 https://registry.npmjs.org/magicast/-/magicast-0.5.4.tgz 1129ms (cache miss)
960 http fetch GET 200 https://registry.npmjs.org/hast-util-from-parse5/-/hast-util-from-parse5-8.0.3.tgz 1134ms (cache miss)
961 http fetch GET 200 https://registry.npmjs.org/hast-util-raw/-/hast-util-raw-9.1.0.tgz 1138ms (cache miss)
962 http fetch GET 200 https://registry.npmjs.org/hast-util-parse-selector/-/hast-util-parse-selector-4.0.0.tgz 1138ms (cache miss)
963 http fetch GET 200 https://registry.npmjs.org/hast-util-from-html/-/hast-util-from-html-2.0.3.tgz 1139ms (cache miss)
964 http fetch GET 200 https://registry.npmjs.org/fsevents/-/fsevents-2.3.3.tgz 1139ms (cache miss)
965 http fetch GET 200 https://registry.npmjs.org/get-tsconfig/-/get-tsconfig-5.0.0-beta.4.tgz 1140ms (cache miss)
966 http fetch GET 200 https://registry.npmjs.org/github-slugger/-/github-slugger-2.0.0.tgz 1145ms (cache miss)
967 http fetch GET 200 https://registry.npmjs.org/js-yaml/-/js-yaml-4.3.1.tgz 1159ms (cache miss)
968 http fetch GET 200 https://registry.npmjs.org/gensync/-/gensync-1.0.0-beta.2.tgz 1171ms (cache miss)
969 http fetch GET 200 https://registry.npmjs.org/inline-style-parser/-/inline-style-parser-0.2.7.tgz 1178ms (cache miss)
970 http fetch GET 200 https://registry.npmjs.org/fontace/-/fontace-0.4.1.tgz 1178ms (cache miss)
971 http fetch GET 200 https://registry.npmjs.org/hast-util-is-element/-/hast-util-is-element-3.0.0.tgz 1180ms (cache miss)
972 http fetch GET 200 https://registry.npmjs.org/flattie/-/flattie-1.1.1.tgz 1179ms (cache miss)
973 http fetch GET 200 https://registry.npmjs.org/fdir/-/fdir-6.5.0.tgz 1184ms (cache miss)
974 http fetch GET 200 https://registry.npmjs.org/fast-string-width/-/fast-string-width-3.0.2.tgz 1193ms (cache miss)
975 http fetch GET 200 https://registry.npmjs.org/fast-wrap-ansi/-/fast-wrap-ansi-0.2.2.tgz 1203ms (cache miss)
976 http fetch GET 200 https://registry.npmjs.org/micromark/-/micromark-4.0.2.tgz 1224ms (cache miss)
977 http fetch GET 200 https://registry.npmjs.org/fast-xml-builder/-/fast-xml-builder-1.3.0.tgz 1212ms (cache miss)
978 http fetch GET 200 https://registry.npmjs.org/hast-util-to-estree/-/hast-util-to-estree-3.1.3.tgz 1230ms (cache miss)
979 http fetch GET 200 https://registry.npmjs.org/fast-string-truncated-width/-/fast-string-truncated-width-3.0.3.tgz 1238ms (cache miss)
980 http fetch GET 200 https://registry.npmjs.org/estree-util-visit/-/estree-util-visit-2.0.0.tgz 1237ms (cache miss)
981 http fetch GET 200 https://registry.npmjs.org/estree-walker/-/estree-walker-3.0.3.tgz 1238ms (cache miss)
982 http fetch GET 200 https://registry.npmjs.org/extend/-/extend-3.0.2.tgz 1239ms (cache miss)
983 http fetch GET 200 https://registry.npmjs.org/estree-util-is-identifier-name/-/estree-util-is-identifier-name-3.0.0.tgz 1240ms (cache miss)
984 http fetch GET 200 https://registry.npmjs.org/estree-util-scope/-/estree-util-scope-1.0.0.tgz 1240ms (cache miss)
985 http fetch GET 200 https://registry.npmjs.org/estree-util-to-js/-/estree-util-to-js-2.0.0.tgz 1241ms (cache miss)
986 http fetch GET 200 https://registry.npmjs.org/mdast-util-to-hast/-/mdast-util-to-hast-13.2.1.tgz 1274ms (cache miss)
987 http fetch GET 200 https://registry.npmjs.org/fontkitten/-/fontkitten-1.0.3.tgz 1259ms (cache miss)
988 http fetch GET 200 https://registry.npmjs.org/h3/-/h3-1.15.11.tgz 1266ms (cache miss)
989 http fetch GET 200 https://registry.npmjs.org/oniguruma-parser/-/oniguruma-parser-0.12.2.tgz 1301ms (cache miss)
990 http fetch GET 200 https://registry.npmjs.org/estree-util-build-jsx/-/estree-util-build-jsx-3.0.1.tgz 1274ms (cache miss)
991 http fetch GET 200 https://registry.npmjs.org/esast-util-from-estree/-/esast-util-from-estree-2.0.0.tgz 1276ms (cache miss)
992 http fetch GET 200 https://registry.npmjs.org/esast-util-from-js/-/esast-util-from-js-2.0.1.tgz 1277ms (cache miss)
993 http fetch GET 200 https://registry.npmjs.org/estree-util-attach-comments/-/estree-util-attach-comments-3.0.0.tgz 1278ms (cache miss)
994 http fetch GET 200 https://registry.npmjs.org/escape-string-regexp/-/escape-string-regexp-5.0.0.tgz 1278ms (cache miss)
995 http fetch GET 200 https://registry.npmjs.org/escalade/-/escalade-3.2.0.tgz 1277ms (cache miss)
996 http fetch GET 200 https://registry.npmjs.org/esbuild/-/esbuild-0.28.2.tgz 1282ms (cache miss)
997 http fetch GET 200 https://registry.npmjs.org/eventemitter3/-/eventemitter3-5.0.4.tgz 1285ms (cache miss)
998 http fetch GET 200 https://registry.npmjs.org/hast-util-to-html/-/hast-util-to-html-9.0.5.tgz 1291ms (cache miss)
999 http fetch GET 200 https://registry.npmjs.org/electron-to-chromium/-/electron-to-chromium-1.5.405.tgz 1289ms (cache miss)
1000 http fetch GET 200 https://registry.npmjs.org/es-module-lexer/-/es-module-lexer-2.3.1.tgz 1294ms (cache miss)
1001 http fetch GET 200 https://registry.npmjs.org/devlop/-/devlop-1.1.0.tgz 1299ms (cache miss)
1002 http fetch GET 200 https://registry.npmjs.org/detect-libc/-/detect-libc-2.1.2.tgz 1322ms (cache miss)
1003 http fetch GET 200 https://registry.npmjs.org/dequal/-/dequal-2.0.3.tgz 1329ms (cache miss)
1004 http fetch GET 200 https://registry.npmjs.org/domelementtype/-/domelementtype-2.3.0.tgz 1330ms (cache miss)
1005 http fetch GET 200 https://registry.npmjs.org/defu/-/defu-6.1.7.tgz 1329ms (cache miss)
1006 http fetch GET 200 https://registry.npmjs.org/destr/-/destr-2.0.5.tgz 1330ms (cache miss)
1007 http fetch GET 200 https://registry.npmjs.org/decode-named-character-reference/-/decode-named-character-reference-1.3.0.tgz 1336ms (cache miss)
1008 http fetch GET 200 https://registry.npmjs.org/css-what/-/css-what-6.2.2.tgz 1337ms (cache miss)
1009 http fetch GET 200 https://registry.npmjs.org/domhandler/-/domhandler-5.0.3.tgz 1339ms (cache miss)
1010 http fetch GET 200 https://registry.npmjs.org/dom-serializer/-/dom-serializer-2.0.0.tgz 1339ms (cache miss)
1011 http fetch GET 200 https://registry.npmjs.org/debug/-/debug-4.4.3.tgz 1339ms (cache miss)
1012 http fetch GET 200 https://registry.npmjs.org/convert-source-map/-/convert-source-map-2.0.0.tgz 1344ms (cache miss)
1013 http fetch GET 200 https://registry.npmjs.org/micromark-core-commonmark/-/micromark-core-commonmark-2.0.3.tgz 1371ms (cache miss)
1014 http fetch GET 200 https://registry.npmjs.org/devalue/-/devalue-5.9.0.tgz 1350ms (cache miss)
1015 http fetch GET 200 https://registry.npmjs.org/cookie/-/cookie-2.0.1.tgz 1348ms (cache miss)
1016 http fetch GET 200 https://registry.npmjs.org/common-ancestor-path/-/common-ancestor-path-2.0.0.tgz 1353ms (cache miss)
1017 http fetch GET 200 https://registry.npmjs.org/commander/-/commander-11.1.0.tgz 1361ms (cache miss)
1018 http fetch GET 200 https://registry.npmjs.org/comma-separated-tokens/-/comma-separated-tokens-2.0.3.tgz 1386ms (cache miss)
1019 http fetch GET 200 https://registry.npmjs.org/csstype/-/csstype-3.2.3.tgz 1394ms (cache miss)
1020 http fetch GET 200 https://registry.npmjs.org/collapse-white-space/-/collapse-white-space-2.1.0.tgz 1395ms (cache miss)
1021 http fetch GET 200 https://registry.npmjs.org/character-reference-invalid/-/character-reference-invalid-2.0.1.tgz 1400ms (cache miss)
1022 http fetch GET 200 https://registry.npmjs.org/ci-info/-/ci-info-4.4.0.tgz 1401ms (cache miss)
1023 http fetch GET 200 https://registry.npmjs.org/ccount/-/ccount-2.0.1.tgz 1403ms (cache miss)
1024 http fetch GET 200 https://registry.npmjs.org/chokidar/-/chokidar-5.0.0.tgz 1403ms (cache miss)
1025 http fetch GET 200 https://registry.npmjs.org/cookie-es/-/cookie-es-1.2.3.tgz 1407ms (cache miss)
1026 http fetch GET 200 https://registry.npmjs.org/character-entities/-/character-entities-2.0.2.tgz 1404ms (cache miss)
1027 http fetch GET 200 https://registry.npmjs.org/dset/-/dset-3.1.4.tgz 1412ms (cache miss)
1028 http fetch GET 200 https://registry.npmjs.org/clsx/-/clsx-2.1.1.tgz 1410ms (cache miss)
1029 http fetch GET 200 https://registry.npmjs.org/boolbase/-/boolbase-1.0.0.tgz 1411ms (cache miss)
1030 http fetch GET 200 https://registry.npmjs.org/fast-xml-parser/-/fast-xml-parser-5.10.1.tgz 1423ms (cache miss)
1031 http fetch GET 200 https://registry.npmjs.org/character-entities-html4/-/character-entities-html4-2.1.0.tgz 1421ms (cache miss)
1032 http fetch GET 200 https://registry.npmjs.org/browserslist/-/browserslist-4.28.8.tgz 1461ms (cache miss)
1033 http fetch GET 200 https://registry.npmjs.org/character-entities-legacy/-/character-entities-legacy-3.0.0.tgz 1468ms (cache miss)
1034 http fetch GET 200 https://registry.npmjs.org/bail/-/bail-2.0.2.tgz 1468ms (cache miss)
1035 http fetch GET 200 https://registry.npmjs.org/array-iterate/-/array-iterate-2.0.1.tgz 1471ms (cache miss)
1036 http fetch GET 200 https://registry.npmjs.org/anynum/-/anynum-1.0.1.tgz 1471ms (cache miss)
1037 http fetch GET 200 https://registry.npmjs.org/am-i-vibing/-/am-i-vibing-0.4.0.tgz 1471ms (cache miss)
1038 http fetch GET 200 https://registry.npmjs.org/anymatch/-/anymatch-3.1.3.tgz 1474ms (cache miss)
1039 http fetch GET 200 https://registry.npmjs.org/acorn-jsx/-/acorn-jsx-5.3.2.tgz 1473ms (cache miss)
1040 http fetch GET 200 https://registry.npmjs.org/arg/-/arg-5.0.2.tgz 1475ms (cache miss)
1041 http fetch GET 200 https://registry.npmjs.org/argparse/-/argparse-2.0.1.tgz 1486ms (cache miss)
1042 http fetch GET 200 https://registry.npmjs.org/baseline-browser-mapping/-/baseline-browser-mapping-2.11.14.tgz 1489ms (cache miss)
1043 http fetch GET 200 https://registry.npmjs.org/@vitejs/plugin-react/-/plugin-react-5.2.0.tgz 1488ms (cache miss)
1044 http fetch GET 200 https://registry.npmjs.org/@types/unist/-/unist-3.0.3.tgz 1491ms (cache miss)
1045 http fetch GET 200 https://registry.npmjs.org/astring/-/astring-1.9.0.tgz 1504ms (cache miss)
1046 http fetch GET 200 https://registry.npmjs.org/@types/react-dom/-/react-dom-19.2.4.tgz 1512ms (cache miss)
1047 http fetch GET 200 https://registry.npmjs.org/@types/nlcst/-/nlcst-2.0.3.tgz 1513ms (cache miss)
1048 http fetch GET 200 https://registry.npmjs.org/@types/estree-jsx/-/estree-jsx-1.0.5.tgz 1512ms (cache miss)
1049 http fetch GET 200 https://registry.npmjs.org/@types/mdx/-/mdx-2.0.14.tgz 1518ms (cache miss)
1050 http fetch GET 200 https://registry.npmjs.org/@ungap/structured-clone/-/structured-clone-1.3.3.tgz 1524ms (cache miss)
1051 http fetch GET 200 https://registry.npmjs.org/@types/ms/-/ms-2.1.0.tgz 1528ms (cache miss)
1052 http fetch GET 200 https://registry.npmjs.org/@types/mdast/-/mdast-4.0.4.tgz 1528ms (cache miss)
1053 http fetch GET 200 https://registry.npmjs.org/acorn/-/acorn-8.18.0.tgz 1531ms (cache miss)
1054 http fetch GET 200 https://registry.npmjs.org/@types/babel__template/-/babel__template-7.4.4.tgz 1528ms (cache miss)
1055 http fetch GET 200 https://registry.npmjs.org/@types/sax/-/sax-1.2.7.tgz 1532ms (cache miss)
1056 http fetch GET 200 https://registry.npmjs.org/@types/debug/-/debug-4.1.13.tgz 1531ms (cache miss)
1057 http fetch GET 200 https://registry.npmjs.org/domutils/-/domutils-3.2.2.tgz 1547ms (cache miss)
1058 http fetch GET 200 https://registry.npmjs.org/@types/estree/-/estree-1.0.9.tgz 1536ms (cache miss)
1059 http fetch GET 200 https://registry.npmjs.org/@types/babel__traverse/-/babel__traverse-7.28.0.tgz 1542ms (cache miss)
1060 http fetch GET 200 https://registry.npmjs.org/@types/react/-/react-19.2.18.tgz 1545ms (cache miss)
1061 http fetch GET 200 https://registry.npmjs.org/@types/babel__generator/-/babel__generator-7.27.0.tgz 1552ms (cache miss)
1062 http fetch GET 200 https://registry.npmjs.org/mdast-util-to-markdown/-/mdast-util-to-markdown-2.1.2.tgz 1585ms (cache miss)
1063 http fetch GET 200 https://registry.npmjs.org/@types/babel__core/-/babel__core-7.20.5.tgz 1553ms (cache miss)
1064 http fetch GET 200 https://registry.npmjs.org/lightningcss-darwin-arm64/-/lightningcss-darwin-arm64-1.33.0.tgz 1585ms (cache miss)
1065 http fetch GET 200 https://registry.npmjs.org/@types/hast/-/hast-3.0.5.tgz 1566ms (cache miss)
1066 http fetch GET 200 https://registry.npmjs.org/@shikijs/types/-/types-4.4.3.tgz 1572ms (cache miss)
1067 http fetch GET 200 https://registry.npmjs.org/lru-cache/-/lru-cache-11.5.2.tgz 1606ms (cache miss)
1068 http fetch GET 200 https://registry.npmjs.org/@rolldown/pluginutils/-/pluginutils-1.0.1.tgz 1577ms (cache miss)
1069 http fetch GET 200 https://registry.npmjs.org/crossws/-/crossws-0.3.5.tgz 1598ms (cache miss)
1070 http fetch GET 200 https://registry.npmjs.org/@oxc-project/types/-/types-0.144.0.tgz 1587ms (cache miss)
1071 http fetch GET 200 https://registry.npmjs.org/@oslojs/encoding/-/encoding-1.1.0.tgz 1613ms (cache miss)
1072 http fetch GET 200 https://registry.npmjs.org/@shikijs/vscode-textmate/-/vscode-textmate-10.0.2.tgz 1616ms (cache miss)
1073 http fetch GET 200 https://registry.npmjs.org/@shikijs/engine-oniguruma/-/engine-oniguruma-4.4.3.tgz 1620ms (cache miss)
1074 http fetch GET 200 https://registry.npmjs.org/@shikijs/core/-/core-4.4.3.tgz 1622ms (cache miss)
1075 http fetch GET 200 https://registry.npmjs.org/entities/-/entities-6.0.1.tgz 1638ms (cache miss)
1076 http fetch GET 200 https://registry.npmjs.org/@jridgewell/remapping/-/remapping-2.3.5.tgz 1631ms (cache miss)
1077 http fetch GET 200 https://registry.npmjs.org/@jridgewell/resolve-uri/-/resolve-uri-3.1.2.tgz 1642ms (cache miss)
1078 http fetch GET 200 https://registry.npmjs.org/@img/sharp-darwin-arm64/-/sharp-darwin-arm64-0.35.3.tgz 1652ms (cache miss)
1079 http fetch GET 200 https://registry.npmjs.org/@types/node/-/node-24.13.3.tgz 1696ms (cache miss)
1080 http fetch GET 200 https://registry.npmjs.org/@jridgewell/trace-mapping/-/trace-mapping-0.3.31.tgz 1695ms (cache miss)
1081 http fetch GET 200 https://registry.npmjs.org/@img/colour/-/colour-1.1.0.tgz 1703ms (cache miss)
1082 http fetch GET 200 https://registry.npmjs.org/@nodable/entities/-/entities-3.0.0.tgz 1706ms (cache miss)
1083 http fetch GET 200 https://registry.npmjs.org/@shikijs/engine-javascript/-/engine-javascript-4.4.3.tgz 1714ms (cache miss)
1084 http fetch GET 200 https://registry.npmjs.org/csso/-/csso-5.0.5.tgz 1736ms (cache miss)
1085 http fetch GET 200 https://registry.npmjs.org/@jridgewell/sourcemap-codec/-/sourcemap-codec-1.5.5.tgz 1738ms (cache miss)
1086 http fetch GET 200 https://registry.npmjs.org/@jridgewell/gen-mapping/-/gen-mapping-0.3.13.tgz 1738ms (cache miss)
1087 http fetch GET 200 https://registry.npmjs.org/css-select/-/css-select-5.2.2.tgz 1761ms (cache miss)
1088 http fetch GET 200 https://registry.npmjs.org/diff/-/diff-8.0.4.tgz 1768ms (cache miss)
1089 http fetch GET 200 https://registry.npmjs.org/@shikijs/primitive/-/primitive-4.4.3.tgz 1770ms (cache miss)
1090 http fetch GET 200 https://registry.npmjs.org/@babel/plugin-transform-react-jsx-source/-/plugin-transform-react-jsx-source-7.29.7.tgz 1782ms (cache miss)
1091 http fetch GET 200 https://registry.npmjs.org/@clack/prompts/-/prompts-1.7.0.tgz 1787ms (cache miss)
1092 http fetch GET 200 https://registry.npmjs.org/@babel/template/-/template-7.29.7.tgz 1798ms (cache miss)
1093 http fetch GET 200 https://registry.npmjs.org/@shikijs/themes/-/themes-4.4.3.tgz 1856ms (cache miss)
1094 http fetch GET 200 https://registry.npmjs.org/@babel/helper-string-parser/-/helper-string-parser-7.29.7.tgz 1873ms (cache miss)
1095 http fetch GET 200 https://registry.npmjs.org/@capsizecss/unpack/-/unpack-4.0.1.tgz 1899ms (cache miss)
1096 http fetch GET 200 https://registry.npmjs.org/axobject-query/-/axobject-query-4.1.0.tgz 1933ms (cache miss)
1097 http fetch GET 200 https://registry.npmjs.org/@clack/core/-/core-1.4.3.tgz 1965ms (cache miss)
1098 http fetch GET 200 https://registry.npmjs.org/@babel/parser/-/parser-7.29.8.tgz 1967ms (cache miss)
1099 http fetch GET 200 https://registry.npmjs.org/@babel/traverse/-/traverse-7.29.8.tgz 1976ms (cache miss)
1100 http fetch GET 200 https://registry.npmjs.org/@mdx-js/mdx/-/mdx-3.1.1.tgz 1986ms (cache miss)
1101 http fetch GET 200 https://registry.npmjs.org/@babel/plugin-transform-react-jsx-self/-/plugin-transform-react-jsx-self-7.29.7.tgz 1993ms (cache miss)
1102 http fetch GET 200 https://registry.npmjs.org/@babel/helper-globals/-/helper-globals-7.29.7.tgz 2004ms (cache miss)
1103 http fetch GET 200 https://registry.npmjs.org/@babel/helper-plugin-utils/-/helper-plugin-utils-7.29.7.tgz 2027ms (cache miss)
1104 http fetch GET 200 https://registry.npmjs.org/@babel/helper-compilation-targets/-/helper-compilation-targets-7.29.7.tgz 2026ms (cache miss)
1105 http fetch GET 200 https://registry.npmjs.org/@babel/helper-validator-identifier/-/helper-validator-identifier-7.29.7.tgz 2030ms (cache miss)
1106 http fetch GET 200 https://registry.npmjs.org/@babel/helper-module-imports/-/helper-module-imports-7.29.7.tgz 2041ms (cache miss)
1107 http fetch GET 200 https://registry.npmjs.org/@babel/helper-module-transforms/-/helper-module-transforms-7.29.7.tgz 2060ms (cache miss)
1108 http fetch GET 200 https://registry.npmjs.org/@babel/helper-validator-option/-/helper-validator-option-7.29.7.tgz 2090ms (cache miss)
1109 http fetch GET 200 https://registry.npmjs.org/@babel/compat-data/-/compat-data-7.29.7.tgz 2101ms (cache miss)
1110 http fetch GET 200 https://registry.npmjs.org/@babel/code-frame/-/code-frame-7.29.7.tgz 2107ms (cache miss)
1111 http fetch GET 200 https://registry.npmjs.org/@babel/generator/-/generator-7.29.8.tgz 2156ms (cache miss)
1112 http fetch GET 200 https://registry.npmjs.org/prismjs/-/prismjs-1.30.0.tgz 2255ms (cache miss)
1113 http fetch GET 200 https://registry.npmjs.org/aria-query/-/aria-query-5.3.2.tgz 2216ms (cache miss)
1114 http fetch GET 200 https://registry.npmjs.org/@astrojs/sitemap/-/sitemap-3.7.3.tgz 2282ms (cache miss)
1115 http fetch GET 200 https://registry.npmjs.org/css-tree/-/css-tree-3.2.1.tgz 2305ms (cache miss)
1116 http fetch GET 200 https://registry.npmjs.org/@babel/types/-/types-7.29.8.tgz 2301ms (cache miss)
1117 http fetch GET 200 https://registry.npmjs.org/@esbuild/darwin-arm64/-/darwin-arm64-0.28.2.tgz 2325ms (cache miss)
1118 http fetch GET 200 https://registry.npmjs.org/@babel/core/-/core-7.29.7.tgz 2327ms (cache miss)
1119 http fetch GET 200 https://registry.npmjs.org/@astrojs/telemetry/-/telemetry-3.3.3.tgz 2362ms (cache miss)
1120 http fetch GET 200 https://registry.npmjs.org/@astrojs/markdown-remark/-/markdown-remark-7.2.2.tgz 2369ms (cache miss)
1121 http fetch GET 200 https://registry.npmjs.org/@babel/helpers/-/helpers-7.29.7.tgz 2384ms (cache miss)
1122 http fetch GET 200 https://registry.npmjs.org/@astrojs/react/-/react-6.0.2.tgz 2384ms (cache miss)
1123 http fetch GET 200 https://registry.npmjs.org/@types/unist/-/unist-2.0.11.tgz 2398ms (cache miss)
1124 http fetch GET 200 https://registry.npmjs.org/@astrojs/markdown-satteri/-/markdown-satteri-0.3.5.tgz 2431ms (cache miss)
1125 http fetch GET 200 https://registry.npmjs.org/@bruits/satteri-darwin-arm64/-/satteri-darwin-arm64-0.9.5.tgz 2437ms (cache miss)
1126 http fetch GET 200 https://registry.npmjs.org/picomatch/-/picomatch-2.3.2.tgz 2433ms (cache miss)
1127 http fetch GET 200 https://registry.npmjs.org/zod/-/zod-4.4.3.tgz 2537ms (cache miss)
1128 http fetch GET 200 https://registry.npmjs.org/@astrojs/rss/-/rss-4.0.19.tgz 2466ms (cache miss)
1129 http fetch GET 200 https://registry.npmjs.org/@rolldown/pluginutils/-/pluginutils-1.0.0-rc.3.tgz 2468ms (cache miss)
1130 http fetch GET 200 https://registry.npmjs.org/@astrojs/mdx/-/mdx-7.0.5.tgz 2475ms (cache miss)
1131 http fetch GET 200 https://registry.npmjs.org/lru-cache/-/lru-cache-5.1.1.tgz 2511ms (cache miss)
1132 http fetch GET 200 https://registry.npmjs.org/semver/-/semver-6.3.1.tgz 2518ms (cache miss)
1133 http fetch GET 200 https://registry.npmjs.org/@astrojs/prism/-/prism-4.0.2.tgz 2533ms (cache miss)
1134 http fetch GET 200 https://registry.npmjs.org/entities/-/entities-4.5.0.tgz 2538ms (cache miss)
1135 http fetch GET 200 https://registry.npmjs.org/mdn-data/-/mdn-data-2.0.28.tgz 2540ms (cache miss)
1136 http fetch GET 200 https://registry.npmjs.org/semver/-/semver-6.3.1.tgz 2532ms (cache miss)
1137 http fetch GET 200 https://registry.npmjs.org/shiki/-/shiki-4.4.3.tgz 2650ms (cache miss)
1138 http fetch GET 200 https://registry.npmjs.org/@shikijs/langs/-/langs-4.4.3.tgz 2656ms (cache miss)
1139 http fetch GET 200 https://registry.npmjs.org/@astrojs/internal-helpers/-/internal-helpers-0.10.2.tgz 2657ms (cache miss)
1140 http fetch GET 200 https://registry.npmjs.org/@astrojs/compiler-rs/-/compiler-rs-0.3.2.tgz 2660ms (cache miss)
1141 http fetch GET 200 https://registry.npmjs.org/@astrojs/compiler-binding/-/compiler-binding-0.3.2.tgz 2680ms (cache miss)
1142 http fetch GET 200 https://registry.npmjs.org/@img/sharp-libvips-darwin-arm64/-/sharp-libvips-darwin-arm64-1.3.2.tgz 2703ms (cache miss)
1143 http fetch GET 200 https://registry.npmjs.org/css-tree/-/css-tree-2.2.1.tgz 2739ms (cache miss)
1144 http fetch GET 200 https://registry.npmjs.org/@rolldown/binding-darwin-arm64/-/binding-darwin-arm64-1.2.4.tgz 2758ms (cache miss)
1145 http fetch GET 200 https://registry.npmjs.org/caniuse-lite/-/caniuse-lite-1.0.30001809.tgz 2771ms (cache miss)
1146 http fetch GET 200 https://registry.npmjs.org/@astrojs/compiler-binding-darwin-arm64/-/compiler-binding-darwin-arm64-0.3.2.tgz 2851ms (cache miss)
1147 http fetch GET 200 https://registry.npmjs.org/astro/-/astro-7.2.1.tgz 2979ms (cache miss)
1148 info run esbuild@0.28.2 postinstall node_modules/esbuild node install.js
1149 info run esbuild@0.28.2 postinstall { code: 0, signal: null }
1150 silly ADD node_modules/zwitch
1151 silly ADD node_modules/zod
1152 silly ADD node_modules/yocto-queue
1153 silly ADD node_modules/yargs-parser
1154 silly ADD node_modules/yallist
1155 silly ADD node_modules/xxhash-wasm
1156 silly ADD node_modules/xml-naming
1157 silly ADD node_modules/web-namespaces
1158 silly ADD node_modules/vitefu
1159 silly ADD node_modules/vite
1160 silly ADD node_modules/vfile-message
1161 silly ADD node_modules/vfile-location
1162 silly ADD node_modules/vfile
1163 silly ADD node_modules/update-browserslist-db
1164 silly ADD node_modules/unstorage
1165 silly ADD node_modules/unist-util-visit-parents
1166 silly ADD node_modules/unist-util-visit-children
1167 silly ADD node_modules/unist-util-visit
1168 silly ADD node_modules/unist-util-stringify-position
1169 silly ADD node_modules/unist-util-remove-position
1170 silly ADD node_modules/unist-util-position-from-estree
1171 silly ADD node_modules/unist-util-position
1172 silly ADD node_modules/unist-util-modify-children
1173 silly ADD node_modules/unist-util-is
1174 silly ADD node_modules/unist-util-find-after
1175 silly ADD node_modules/unifont
1176 silly ADD node_modules/unified
1177 silly ADD node_modules/undici-types
1178 silly ADD node_modules/undici
1179 silly ADD node_modules/uncrypto
1180 silly ADD node_modules/ultrahtml
1181 silly ADD node_modules/ufo
1182 silly ADD node_modules/trough
1183 silly ADD node_modules/trim-lines
1184 silly ADD node_modules/tinyglobby
1185 silly ADD node_modules/tinyexec
1186 silly ADD node_modules/tinyclip
1187 silly ADD node_modules/tiny-inflate
1188 silly ADD node_modules/tapable
1189 silly ADD node_modules/tailwindcss
1190 silly ADD node_modules/svgo
1191 silly ADD node_modules/style-to-object
1192 silly ADD node_modules/style-to-js
1193 silly ADD node_modules/strnum
1194 silly ADD node_modules/stringify-entities
1195 silly ADD node_modules/stream-replace-string
1196 silly ADD node_modules/space-separated-tokens
1197 silly ADD node_modules/source-map-js
1198 silly ADD node_modules/source-map
1199 silly ADD node_modules/smol-toml
1200 silly ADD node_modules/sitemap
1201 silly ADD node_modules/sisteransi
1202 silly ADD node_modules/shiki
1203 silly ADD node_modules/sharp
1204 silly ADD node_modules/semver
1205 silly ADD node_modules/scheduler
1206 silly ADD node_modules/sax
1207 silly ADD node_modules/satteri
1208 silly ADD node_modules/rolldown
1209 silly ADD node_modules/retext-stringify
1210 silly ADD node_modules/retext-smartypants
1211 silly ADD node_modules/retext-latin
1212 silly ADD node_modules/retext
1213 silly ADD node_modules/resolve-pkg-maps
1214 silly ADD node_modules/remark-stringify
1215 silly ADD node_modules/remark-smartypants
1216 silly ADD node_modules/remark-rehype
1217 silly ADD node_modules/remark-parse
1218 silly ADD node_modules/remark-mdx
1219 silly ADD node_modules/remark-gfm
1220 silly ADD node_modules/rehype-stringify
1221 silly ADD node_modules/rehype-recma
1222 silly ADD node_modules/rehype-raw
1223 silly ADD node_modules/regex-utilities
1224 silly ADD node_modules/regex-recursion
1225 silly ADD node_modules/regex
1226 silly ADD node_modules/recma-stringify
1227 silly ADD node_modules/recma-parse
1228 silly ADD node_modules/recma-jsx
1229 silly ADD node_modules/recma-build-jsx
1230 silly ADD node_modules/readdirp
1231 silly ADD node_modules/react-refresh
1232 silly ADD node_modules/react-dom
1233 silly ADD node_modules/react
1234 silly ADD node_modules/radix3
1235 silly ADD node_modules/property-information
1236 silly ADD node_modules/process-ancestry
1237 silly ADD node_modules/prismjs
1238 silly ADD node_modules/postcss
1239 silly ADD node_modules/picomatch
1240 silly ADD node_modules/picocolors
1241 silly ADD node_modules/piccolore
1242 silly ADD node_modules/path-expression-matcher
1243 silly ADD node_modules/parse5
1244 silly ADD node_modules/parse-latin
1245 silly ADD node_modules/parse-entities
1246 silly ADD node_modules/parse-entities/node_modules/@types/unist
1247 silly ADD node_modules/package-manager-detector
1248 silly ADD node_modules/p-timeout
1249 silly ADD node_modules/p-queue
1250 silly ADD node_modules/p-limit
1251 silly ADD node_modules/oniguruma-to-es
1252 silly ADD node_modules/oniguruma-parser
1253 silly ADD node_modules/ohash
1254 silly ADD node_modules/ofetch
1255 silly ADD node_modules/obug
1256 silly ADD node_modules/nth-check
1257 silly ADD node_modules/normalize-path
1258 silly ADD node_modules/node-releases
1259 silly ADD node_modules/node-mock-http
1260 silly ADD node_modules/node-fetch-native
1261 silly ADD node_modules/nlcst-to-string
1262 silly ADD node_modules/neotraverse
1263 silly ADD node_modules/nanoid
1264 silly ADD node_modules/ms
1265 silly ADD node_modules/mrmime
1266 silly ADD node_modules/micromark-util-types
1267 silly ADD node_modules/micromark-util-symbol
1268 silly ADD node_modules/micromark-util-subtokenize
1269 silly ADD node_modules/micromark-util-sanitize-uri
1270 silly ADD node_modules/micromark-util-resolve-all
1271 silly ADD node_modules/micromark-util-normalize-identifier
1272 silly ADD node_modules/micromark-util-html-tag-name
1273 silly ADD node_modules/micromark-util-events-to-acorn
1274 silly ADD node_modules/micromark-util-encode
1275 silly ADD node_modules/micromark-util-decode-string
1276 silly ADD node_modules/micromark-util-decode-numeric-character-reference
1277 silly ADD node_modules/micromark-util-combine-extensions
1278 silly ADD node_modules/micromark-util-classify-character
1279 silly ADD node_modules/micromark-util-chunked
1280 silly ADD node_modules/micromark-util-character
1281 silly ADD node_modules/micromark-factory-whitespace
1282 silly ADD node_modules/micromark-factory-title
1283 silly ADD node_modules/micromark-factory-space
1284 silly ADD node_modules/micromark-factory-mdx-expression
1285 silly ADD node_modules/micromark-factory-label
1286 silly ADD node_modules/micromark-factory-destination
1287 silly ADD node_modules/micromark-extension-mdxjs-esm
1288 silly ADD node_modules/micromark-extension-mdxjs
1289 silly ADD node_modules/micromark-extension-mdx-md
1290 silly ADD node_modules/micromark-extension-mdx-jsx
1291 silly ADD node_modules/micromark-extension-mdx-expression
1292 silly ADD node_modules/micromark-extension-gfm-task-list-item
1293 silly ADD node_modules/micromark-extension-gfm-tagfilter
1294 silly ADD node_modules/micromark-extension-gfm-table
1295 silly ADD node_modules/micromark-extension-gfm-strikethrough
1296 silly ADD node_modules/micromark-extension-gfm-footnote
1297 silly ADD node_modules/micromark-extension-gfm-autolink-literal
1298 silly ADD node_modules/micromark-extension-gfm
1299 silly ADD node_modules/micromark-core-commonmark
1300 silly ADD node_modules/micromark
1301 silly ADD node_modules/mdn-data
1302 silly ADD node_modules/mdast-util-to-string
1303 silly ADD node_modules/mdast-util-to-markdown
1304 silly ADD node_modules/mdast-util-to-hast
1305 silly ADD node_modules/mdast-util-phrasing
1306 silly ADD node_modules/mdast-util-mdxjs-esm
1307 silly ADD node_modules/mdast-util-mdx-jsx
1308 silly ADD node_modules/mdast-util-mdx-expression
1309 silly ADD node_modules/mdast-util-mdx
1310 silly ADD node_modules/mdast-util-gfm-task-list-item
1311 silly ADD node_modules/mdast-util-gfm-table
1312 silly ADD node_modules/mdast-util-gfm-strikethrough
1313 silly ADD node_modules/mdast-util-gfm-footnote
1314 silly ADD node_modules/mdast-util-gfm-autolink-literal
1315 silly ADD node_modules/mdast-util-gfm
1316 silly ADD node_modules/mdast-util-from-markdown
1317 silly ADD node_modules/mdast-util-find-and-replace
1318 silly ADD node_modules/mdast-util-definitions
1319 silly ADD node_modules/markdown-table
1320 silly ADD node_modules/markdown-extensions
1321 silly ADD node_modules/magicast
1322 silly ADD node_modules/magic-string
1323 silly ADD node_modules/lru-cache
1324 silly ADD node_modules/longest-streak
1325 silly ADD node_modules/lightningcss-darwin-arm64
1326 silly ADD node_modules/lightningcss
1327 silly ADD node_modules/jsonc-parser
1328 silly ADD node_modules/json5
1329 silly ADD node_modules/jsesc
1330 silly ADD node_modules/js-yaml
1331 silly ADD node_modules/js-tokens
1332 silly ADD node_modules/jiti
1333 silly ADD node_modules/is-unsafe
1334 silly ADD node_modules/is-plain-obj
1335 silly ADD node_modules/is-hexadecimal
1336 silly ADD node_modules/is-docker
1337 silly ADD node_modules/is-decimal
1338 silly ADD node_modules/is-alphanumerical
1339 silly ADD node_modules/is-alphabetical
1340 silly ADD node_modules/iron-webcrypto
1341 silly ADD node_modules/inline-style-parser
1342 silly ADD node_modules/http-cache-semantics
1343 silly ADD node_modules/html-void-elements
1344 silly ADD node_modules/html-escaper
1345 silly ADD node_modules/hastscript
1346 silly ADD node_modules/hast-util-whitespace
1347 silly ADD node_modules/hast-util-to-text
1348 silly ADD node_modules/hast-util-to-parse5
1349 silly ADD node_modules/hast-util-to-jsx-runtime
1350 silly ADD node_modules/hast-util-to-html
1351 silly ADD node_modules/hast-util-to-estree
1352 silly ADD node_modules/hast-util-raw
1353 silly ADD node_modules/hast-util-parse-selector
1354 silly ADD node_modules/hast-util-is-element
1355 silly ADD node_modules/hast-util-from-parse5
1356 silly ADD node_modules/hast-util-from-html
1357 silly ADD node_modules/h3
1358 silly ADD node_modules/graceful-fs
1359 silly ADD node_modules/github-slugger
1360 silly ADD node_modules/get-tsconfig
1361 silly ADD node_modules/gensync
1362 silly ADD node_modules/fsevents
1363 silly ADD node_modules/fontkitten
1364 silly ADD node_modules/fontace
1365 silly ADD node_modules/flattie
1366 silly ADD node_modules/fdir
1367 silly ADD node_modules/fast-xml-parser
1368 silly ADD node_modules/fast-xml-builder
1369 silly ADD node_modules/fast-wrap-ansi
1370 silly ADD node_modules/fast-string-width
1371 silly ADD node_modules/fast-string-truncated-width
1372 silly ADD node_modules/extend
1373 silly ADD node_modules/eventemitter3
1374 silly ADD node_modules/estree-walker
1375 silly ADD node_modules/estree-util-visit
1376 silly ADD node_modules/estree-util-to-js
1377 silly ADD node_modules/estree-util-scope
1378 silly ADD node_modules/estree-util-is-identifier-name
1379 silly ADD node_modules/estree-util-build-jsx
1380 silly ADD node_modules/estree-util-attach-comments
1381 silly ADD node_modules/escape-string-regexp
1382 silly ADD node_modules/escalade
1383 silly ADD node_modules/esbuild
1384 silly ADD node_modules/esast-util-from-js
1385 silly ADD node_modules/esast-util-from-estree
1386 silly ADD node_modules/es-module-lexer
1387 silly ADD node_modules/entities
1388 silly ADD node_modules/enhanced-resolve
1389 silly ADD node_modules/electron-to-chromium
1390 silly ADD node_modules/dset
1391 silly ADD node_modules/domutils
1392 silly ADD node_modules/domhandler
1393 silly ADD node_modules/domelementtype
1394 silly ADD node_modules/dom-serializer
1395 silly ADD node_modules/dom-serializer/node_modules/entities
1396 silly ADD node_modules/diff
1397 silly ADD node_modules/devlop
1398 silly ADD node_modules/devalue
1399 silly ADD node_modules/detect-libc
1400 silly ADD node_modules/destr
1401 silly ADD node_modules/dequal
1402 silly ADD node_modules/defu
1403 silly ADD node_modules/decode-named-character-reference
1404 silly ADD node_modules/debug
1405 silly ADD node_modules/daisyui
1406 silly ADD node_modules/csstype
1407 silly ADD node_modules/csso
1408 silly ADD node_modules/csso/node_modules/mdn-data
1409 silly ADD node_modules/csso/node_modules/css-tree
1410 silly ADD node_modules/css-what
1411 silly ADD node_modules/css-tree
1412 silly ADD node_modules/css-select
1413 silly ADD node_modules/crossws
1414 silly ADD node_modules/cookie-es
1415 silly ADD node_modules/cookie
1416 silly ADD node_modules/convert-source-map
1417 silly ADD node_modules/common-ancestor-path
1418 silly ADD node_modules/commander
1419 silly ADD node_modules/comma-separated-tokens
1420 silly ADD node_modules/collapse-white-space
1421 silly ADD node_modules/clsx
1422 silly ADD node_modules/ci-info
1423 silly ADD node_modules/chokidar
1424 silly ADD node_modules/character-reference-invalid
1425 silly ADD node_modules/character-entities-legacy
1426 silly ADD node_modules/character-entities-html4
1427 silly ADD node_modules/character-entities
1428 silly ADD node_modules/ccount
1429 silly ADD node_modules/caniuse-lite
1430 silly ADD node_modules/browserslist
1431 silly ADD node_modules/boolbase
1432 silly ADD node_modules/baseline-browser-mapping
1433 silly ADD node_modules/bail
1434 silly ADD node_modules/axobject-query
1435 silly ADD node_modules/astro
1436 silly ADD node_modules/astring
1437 silly ADD node_modules/array-iterate
1438 silly ADD node_modules/aria-query
1439 silly ADD node_modules/argparse
1440 silly ADD node_modules/arg
1441 silly ADD node_modules/anynum
1442 silly ADD node_modules/anymatch
1443 silly ADD node_modules/anymatch/node_modules/picomatch
1444 silly ADD node_modules/am-i-vibing
1445 silly ADD node_modules/acorn-jsx
1446 silly ADD node_modules/acorn
1447 silly ADD node_modules/@vitejs/plugin-react
1448 silly ADD node_modules/@vitejs/plugin-react/node_modules/@rolldown/pluginutils
1449 silly ADD node_modules/@ungap/structured-clone
1450 silly ADD node_modules/@types/unist
1451 silly ADD node_modules/@types/sax
1452 silly ADD node_modules/@types/react-dom
1453 silly ADD node_modules/@types/react
1454 silly ADD node_modules/@types/node
1455 silly ADD node_modules/@types/nlcst
1456 silly ADD node_modules/@types/ms
1457 silly ADD node_modules/@types/mdx
1458 silly ADD node_modules/@types/mdast
1459 silly ADD node_modules/@types/hast
1460 silly ADD node_modules/@types/estree-jsx
1461 silly ADD node_modules/@types/estree
1462 silly ADD node_modules/@types/debug
1463 silly ADD node_modules/@types/babel__traverse
1464 silly ADD node_modules/@types/babel__template
1465 silly ADD node_modules/@types/babel__generator
1466 silly ADD node_modules/@types/babel__core
1467 silly ADD node_modules/@tailwindcss/vite
1468 silly ADD node_modules/@tailwindcss/oxide-darwin-arm64
1469 silly ADD node_modules/@tailwindcss/oxide
1470 silly ADD node_modules/@tailwindcss/node
1471 silly ADD node_modules/@tailwindcss/node/node_modules/magic-string
1472 silly ADD node_modules/@tailwindcss/node/node_modules/lightningcss-darwin-arm64
1473 silly ADD node_modules/@tailwindcss/node/node_modules/lightningcss
1474 silly ADD node_modules/@shikijs/vscode-textmate
1475 silly ADD node_modules/@shikijs/types
1476 silly ADD node_modules/@shikijs/themes
1477 silly ADD node_modules/@shikijs/primitive
1478 silly ADD node_modules/@shikijs/langs
1479 silly ADD node_modules/@shikijs/engine-oniguruma
1480 silly ADD node_modules/@shikijs/engine-javascript
1481 silly ADD node_modules/@shikijs/core
1482 silly ADD node_modules/@rolldown/pluginutils
1483 silly ADD node_modules/@rolldown/binding-darwin-arm64
1484 silly ADD node_modules/@oxc-project/types
1485 silly ADD node_modules/@oslojs/encoding
1486 silly ADD node_modules/@nodable/entities
1487 silly ADD node_modules/@mdx-js/mdx
1488 silly ADD node_modules/@jridgewell/trace-mapping
1489 silly ADD node_modules/@jridgewell/sourcemap-codec
1490 silly ADD node_modules/@jridgewell/resolve-uri
1491 silly ADD node_modules/@jridgewell/remapping
1492 silly ADD node_modules/@jridgewell/gen-mapping
1493 silly ADD node_modules/@img/sharp-libvips-darwin-arm64
1494 silly ADD node_modules/@img/sharp-darwin-arm64
1495 silly ADD node_modules/@img/colour
1496 silly ADD node_modules/@esbuild/darwin-arm64
1497 silly ADD node_modules/@clack/prompts
1498 silly ADD node_modules/@clack/core
1499 silly ADD node_modules/@capsizecss/unpack
1500 silly ADD node_modules/@bruits/satteri-darwin-arm64
1501 silly ADD node_modules/@babel/types
1502 silly ADD node_modules/@babel/traverse
1503 silly ADD node_modules/@babel/template
1504 silly ADD node_modules/@babel/plugin-transform-react-jsx-source
1505 silly ADD node_modules/@babel/plugin-transform-react-jsx-self
1506 silly ADD node_modules/@babel/parser
1507 silly ADD node_modules/@babel/helpers
1508 silly ADD node_modules/@babel/helper-validator-option
1509 silly ADD node_modules/@babel/helper-validator-identifier
1510 silly ADD node_modules/@babel/helper-string-parser
1511 silly ADD node_modules/@babel/helper-plugin-utils
1512 silly ADD node_modules/@babel/helper-module-transforms
1513 silly ADD node_modules/@babel/helper-module-imports
1514 silly ADD node_modules/@babel/helper-globals
1515 silly ADD node_modules/@babel/helper-compilation-targets
1516 silly ADD node_modules/@babel/helper-compilation-targets/node_modules/semver
1517 silly ADD node_modules/@babel/helper-compilation-targets/node_modules/lru-cache
1518 silly ADD node_modules/@babel/generator
1519 silly ADD node_modules/@babel/core
1520 silly ADD node_modules/@babel/core/node_modules/semver
1521 silly ADD node_modules/@babel/compat-data
1522 silly ADD node_modules/@babel/code-frame
1523 silly ADD node_modules/@astrojs/telemetry
1524 silly ADD node_modules/@astrojs/sitemap
1525 silly ADD node_modules/@astrojs/rss
1526 silly ADD node_modules/@astrojs/react
1527 silly ADD node_modules/@astrojs/prism
1528 silly ADD node_modules/@astrojs/mdx
1529 silly ADD node_modules/@astrojs/markdown-satteri
1530 silly ADD node_modules/@astrojs/markdown-remark
1531 silly ADD node_modules/@astrojs/internal-helpers
1532 silly ADD node_modules/@astrojs/compiler-rs
1533 silly ADD node_modules/@astrojs/compiler-binding-darwin-arm64
1534 silly ADD node_modules/@astrojs/compiler-binding
1535 warn allow-scripts 2 packages have install scripts not yet covered by allowScripts:
1535 warn allow-scripts   esbuild@0.28.2 (postinstall: node install.js)
1535 warn allow-scripts   fsevents@2.3.3 (install: (install scripts present))
1535 warn allow-scripts
1535 warn allow-scripts Run `npm approve-scripts --allow-scripts-pending` to review, or `npm approve-scripts <pkg>` to allow.
1536 verbose cwd /Users/leandrosimoes/Work/personal/blog/astro
1537 verbose os Darwin 25.5.0
1538 verbose node v24.18.0
1539 verbose npm  v11.16.0
1540 notice
1540 notice New [31mmajor[39m version of npm available! [31m11.16.0[39m -> [34m12.0.2[39m
1540 notice Changelog: [34mhttps://github.com/npm/cli/releases/tag/v12.0.2[39m
1540 notice To update run: [4mnpm install -g npm@12.0.2[24m
1540 notice  { force: true, Symbol(proc-log.meta): true }
1541 verbose exit 0
1542 info ok
